drop table flewon;
drop table flights;
drop table customers;
drop table airlines;
drop table airports;
create table airports (airportid char(3) primary key, city varchar(20));
create table airlines (airlineid char(2) primary key, name varchar(20), hub char(3) references airports(airportid));
create table customers (customerid char(10) primary key, name varchar(25), birthdate date, frequentflieron char(2) references airlines(airlineid));
create table flights (flightid char(6) primary key, source char(3) references airports(airportid), dest char(3) references airports(airportid), airlineid char(2) references airlines(airlineid), local_departing_time date, local_arrival_time date);
create table flewon (flightid char(6) references flights(flightid), customerid char(10) references customers, flightdate date);
insert into airports values ('SNA', 'Santa Ana');
insert into airports values ('SJU', 'San Juan');
insert into airports values ('SJC', 'San Jose');
insert into airports values ('SMF', 'Sacramento');
insert into airports values ('CLE', 'Cleveland');
insert into airports values ('MEM', 'Memphis');
insert into airports values ('MCI', 'Kansas City');
insert into airports values ('PDX', 'Portland');
insert into airports values ('STL', 'St. Louis');
insert into airports values ('OAK', 'Oakland');
insert into airports values ('CVG', 'Covington');
insert into airports values ('DCA', 'Washington, D.C.');
insert into airports values ('SAN', 'San Diego');
insert into airports values ('TPA', 'Tampa');
insert into airports values ('MDW', 'Chicago');
insert into airports values ('SLC', 'Salt Lake City');
insert into airports values ('HNL', 'Honolulu');
insert into airports values ('BWI', 'Baltimore');
insert into airports values ('IAD', 'Washington, D.C.');
insert into airports values ('FLL', 'Fort Lauderdale');
insert into airports values ('LGA', 'New York');
insert into airports values ('BOS', 'Boston');
insert into airports values ('CLT', 'Charlotte');
insert into airports values ('PHL', 'Philadelphia');
insert into airports values ('SEA', 'Seattle');
insert into airports values ('MIA', 'Miami');
insert into airports values ('MSP', 'Minneapolis');
insert into airports values ('SFO', 'San Francisco');
insert into airports values ('DTW', 'Detroit');
insert into airports values ('MCO', 'Orlando');
insert into airports values ('IAH', 'Houston');
insert into airports values ('PHX', 'Phoenix');
insert into airports values ('JFK', 'New York');
insert into airports values ('LAS', 'Las Vegas');
insert into airports values ('DEN', 'Denver');
insert into airports values ('DFW', 'Dallas-Fort Worth');
insert into airports values ('LAX', 'Los Angeles');
insert into airports values ('EWR', 'Newark');
insert into airports values ('ORD', 'Chicago');
insert into airports values ('ATL', 'Atlanta');
insert into airlines values ('SW', 'Southwest Airlines', 'OAK');
insert into airlines values ('AA', 'American Airlines', 'DFW');
insert into airlines values ('DL', 'Delta Airlines', 'ATL');
insert into airlines values ('UA', 'United Airlines', 'ORD');
insert into airlines values ('US', 'US Airways', 'PHX');
insert into airlines values ('NW', 'Northwest', 'MSP');
insert into airlines values ('CO', 'Continental', 'EWR');
insert into customers values ('cust0', 'Anthony Allen', to_date('1979-11-11', 'yyyy-mm-dd'), 'DL');
insert into customers values ('cust1', 'Anthony Edwards', to_date('1991-12-04', 'yyyy-mm-dd'), 'DL');
insert into customers values ('cust2', 'Anthony Evans', to_date('1994-06-04', 'yyyy-mm-dd'), 'SW');
insert into customers values ('cust3', 'Anthony Garcia', to_date('1971-05-13', 'yyyy-mm-dd'), 'DL');
insert into customers values ('cust4', 'Anthony Gonzalez', to_date('1976-02-16', 'yyyy-mm-dd'), 'US');
insert into customers values ('cust5', 'Anthony Harris', to_date('1979-07-12', 'yyyy-mm-dd'), 'CO');
insert into customers values ('cust6', 'Anthony Miller', to_date('1979-01-15', 'yyyy-mm-dd'), 'SW');
insert into customers values ('cust7', 'Anthony Mitchell', to_date('1971-01-06', 'yyyy-mm-dd'), 'AA');
insert into customers values ('cust8', 'Anthony Perez', to_date('1998-09-11', 'yyyy-mm-dd'), 'US');
insert into customers values ('cust9', 'Anthony Roberts', to_date('1992-01-18', 'yyyy-mm-dd'), 'DL');
insert into customers values ('cust10', 'Anthony Robinson', to_date('1981-01-14', 'yyyy-mm-dd'), 'DL');
insert into customers values ('cust11', 'Anthony Turner', to_date('1974-09-22', 'yyyy-mm-dd'), 'CO');
insert into customers values ('cust12', 'Anthony Walker', to_date('1977-01-23', 'yyyy-mm-dd'), 'AA');
insert into customers values ('cust13', 'Anthony Williams', to_date('1997-10-24', 'yyyy-mm-dd'), 'SW');
insert into customers values ('cust14', 'Barbara Adams', to_date('1971-03-06', 'yyyy-mm-dd'), 'UA');
insert into customers values ('cust15', 'Barbara Baker', to_date('1982-09-12', 'yyyy-mm-dd'), 'SW');
insert into customers values ('cust16', 'Barbara Davis', to_date('1990-10-04', 'yyyy-mm-dd'), 'DL');
insert into customers values ('cust17', 'Barbara Jones', to_date('1974-10-19', 'yyyy-mm-dd'), 'US');
insert into customers values ('cust18', 'Barbara King', to_date('1988-07-26', 'yyyy-mm-dd'), 'SW');
insert into customers values ('cust19', 'Barbara Lee', to_date('1973-07-21', 'yyyy-mm-dd'), 'AA');
insert into customers values ('cust20', 'Barbara Mitchell', to_date('1995-10-21', 'yyyy-mm-dd'), 'AA');
insert into customers values ('cust21', 'Barbara Parker', to_date('1992-10-24', 'yyyy-mm-dd'), 'UA');
insert into customers values ('cust22', 'Barbara Perez', to_date('1974-10-27', 'yyyy-mm-dd'), 'UA');
insert into customers values ('cust23', 'Barbara Roberts', to_date('1972-08-12', 'yyyy-mm-dd'), 'CO');
insert into customers values ('cust24', 'Barbara Rodriguez', to_date('1973-05-09', 'yyyy-mm-dd'), 'AA');
insert into customers values ('cust25', 'Barbara Thomas', to_date('1969-04-15', 'yyyy-mm-dd'), 'SW');
insert into customers values ('cust26', 'Barbara White', to_date('1980-03-29', 'yyyy-mm-dd'), 'SW');
insert into customers values ('cust27', 'Betty Brown', to_date('1977-01-12', 'yyyy-mm-dd'), 'UA');
insert into customers values ('cust28', 'Betty Collins', to_date('1982-06-27', 'yyyy-mm-dd'), 'CO');
insert into customers values ('cust29', 'Betty Evans', to_date('1976-08-28', 'yyyy-mm-dd'), 'US');
insert into customers values ('cust30', 'Betty Garcia', to_date('1988-01-31', 'yyyy-mm-dd'), 'NW');
insert into customers values ('cust31', 'Betty Gonzalez', to_date('1989-11-20', 'yyyy-mm-dd'), 'UA');
insert into customers values ('cust32', 'Betty Hall', to_date('1996-06-18', 'yyyy-mm-dd'), 'DL');
insert into customers values ('cust33', 'Betty Mitchell', to_date('1978-02-22', 'yyyy-mm-dd'), 'US');
insert into customers values ('cust34', 'Betty Rodriguez', to_date('1989-04-19', 'yyyy-mm-dd'), 'AA');
insert into customers values ('cust35', 'Betty Scott', to_date('1973-03-01', 'yyyy-mm-dd'), 'CO');
insert into customers values ('cust36', 'Betty Turner', to_date('1978-10-10', 'yyyy-mm-dd'), 'DL');
insert into customers values ('cust37', 'Betty Walker', to_date('1974-10-26', 'yyyy-mm-dd'), 'SW');
insert into customers values ('cust38', 'Brian Adams', to_date('1988-07-01', 'yyyy-mm-dd'), 'DL');
insert into customers values ('cust39', 'Brian Anderson', to_date('1986-10-20', 'yyyy-mm-dd'), 'UA');
insert into customers values ('cust40', 'Brian Brown', to_date('1973-04-30', 'yyyy-mm-dd'), 'SW');
insert into customers values ('cust41', 'Brian Campbell', to_date('1995-05-17', 'yyyy-mm-dd'), 'DL');
insert into customers values ('cust42', 'Brian Carter', to_date('1988-12-04', 'yyyy-mm-dd'), 'SW');
insert into customers values ('cust43', 'Brian Clark', to_date('1978-11-28', 'yyyy-mm-dd'), 'US');
insert into customers values ('cust44', 'Brian Davis', to_date('1990-08-20', 'yyyy-mm-dd'), 'NW');
insert into customers values ('cust45', 'Brian Edwards', to_date('1997-02-28', 'yyyy-mm-dd'), 'AA');
insert into customers values ('cust46', 'Brian Gonzalez', to_date('1981-12-21', 'yyyy-mm-dd'), 'DL');
insert into customers values ('cust47', 'Brian Hall', to_date('1988-12-15', 'yyyy-mm-dd'), 'NW');
insert into customers values ('cust48', 'Brian Harris', to_date('1988-11-25', 'yyyy-mm-dd'), 'US');
insert into customers values ('cust49', 'Brian King', to_date('1994-04-14', 'yyyy-mm-dd'), 'SW');
insert into customers values ('cust50', 'Brian Lopez', to_date('1974-01-12', 'yyyy-mm-dd'), 'CO');
insert into customers values ('cust51', 'Brian Martinez', to_date('1974-04-29', 'yyyy-mm-dd'), 'CO');
insert into customers values ('cust52', 'Brian Miller', to_date('1986-10-06', 'yyyy-mm-dd'), 'NW');
insert into customers values ('cust53', 'Brian Moore', to_date('1986-08-10', 'yyyy-mm-dd'), 'SW');
insert into customers values ('cust54', 'Brian Nelson', to_date('1971-04-03', 'yyyy-mm-dd'), 'UA');
insert into customers values ('cust55', 'Brian Parker', to_date('1976-12-18', 'yyyy-mm-dd'), 'AA');
insert into customers values ('cust56', 'Brian Perez', to_date('1991-12-26', 'yyyy-mm-dd'), 'DL');
insert into customers values ('cust57', 'Brian Scott', to_date('1990-07-16', 'yyyy-mm-dd'), 'NW');
insert into customers values ('cust58', 'Brian Taylor', to_date('1970-01-24', 'yyyy-mm-dd'), 'UA');
insert into customers values ('cust59', 'Brian Wright', to_date('1975-06-18', 'yyyy-mm-dd'), 'CO');
insert into customers values ('cust60', 'Carol Adams', to_date('1977-09-11', 'yyyy-mm-dd'), 'US');
insert into customers values ('cust61', 'Carol Allen', to_date('1970-04-14', 'yyyy-mm-dd'), 'UA');
insert into customers values ('cust62', 'Carol Campbell', to_date('1978-11-09', 'yyyy-mm-dd'), 'US');
insert into customers values ('cust63', 'Carol Carter', to_date('1974-06-01', 'yyyy-mm-dd'), 'CO');
insert into customers values ('cust64', 'Carol Edwards', to_date('1995-04-05', 'yyyy-mm-dd'), 'US');
insert into customers values ('cust65', 'Carol Evans', to_date('1985-05-15', 'yyyy-mm-dd'), 'AA');
insert into customers values ('cust66', 'Carol Jones', to_date('1983-11-14', 'yyyy-mm-dd'), 'UA');
insert into customers values ('cust67', 'Carol Lewis', to_date('1991-03-10', 'yyyy-mm-dd'), 'DL');
insert into customers values ('cust68', 'Carol Moore', to_date('1980-09-30', 'yyyy-mm-dd'), 'CO');
insert into customers values ('cust69', 'Carol Roberts', to_date('1978-06-15', 'yyyy-mm-dd'), 'CO');
insert into customers values ('cust70', 'Carol Scott', to_date('1989-07-22', 'yyyy-mm-dd'), 'US');
insert into customers values ('cust71', 'Carol Thomas', to_date('1997-04-05', 'yyyy-mm-dd'), 'US');
insert into customers values ('cust72', 'Carol Thompson', to_date('1988-09-30', 'yyyy-mm-dd'), 'NW');
insert into customers values ('cust73', 'Carol White', to_date('1983-11-14', 'yyyy-mm-dd'), 'NW');
insert into customers values ('cust74', 'Carol Williams', to_date('1971-07-11', 'yyyy-mm-dd'), 'UA');
insert into customers values ('cust75', 'Carol Wright', to_date('1998-11-24', 'yyyy-mm-dd'), 'AA');
insert into customers values ('cust76', 'Charles Adams', to_date('1975-09-11', 'yyyy-mm-dd'), 'UA');
insert into customers values ('cust77', 'Charles Carter', to_date('1986-01-15', 'yyyy-mm-dd'), 'DL');
insert into customers values ('cust78', 'Charles Gonzalez', to_date('1977-04-15', 'yyyy-mm-dd'), 'SW');
insert into customers values ('cust79', 'Charles Green', to_date('1969-08-14', 'yyyy-mm-dd'), 'NW');
insert into customers values ('cust80', 'Charles Harris', to_date('1971-06-11', 'yyyy-mm-dd'), 'CO');
insert into customers values ('cust81', 'Charles Jackson', to_date('1983-06-03', 'yyyy-mm-dd'), 'DL');
insert into customers values ('cust82', 'Charles Johnson', to_date('1988-01-12', 'yyyy-mm-dd'), 'CO');
insert into customers values ('cust83', 'Charles Jones', to_date('1984-01-09', 'yyyy-mm-dd'), 'DL');
insert into customers values ('cust84', 'Charles King', to_date('1986-02-08', 'yyyy-mm-dd'), 'CO');
insert into customers values ('cust85', 'Charles Martin', to_date('1981-09-09', 'yyyy-mm-dd'), 'US');
insert into customers values ('cust86', 'Charles Parker', to_date('1971-07-14', 'yyyy-mm-dd'), 'DL');
insert into customers values ('cust87', 'Charles Perez', to_date('1980-09-12', 'yyyy-mm-dd'), 'US');
insert into customers values ('cust88', 'Charles Scott', to_date('1996-03-04', 'yyyy-mm-dd'), 'CO');
insert into customers values ('cust89', 'Charles Turner', to_date('1977-03-29', 'yyyy-mm-dd'), 'DL');
insert into customers values ('cust90', 'Charles Walker', to_date('1994-04-01', 'yyyy-mm-dd'), 'CO');
insert into customers values ('cust91', 'Charles White', to_date('1998-05-27', 'yyyy-mm-dd'), 'NW');
insert into customers values ('cust92', 'Charles Williams', to_date('1971-07-27', 'yyyy-mm-dd'), 'UA');
insert into customers values ('cust93', 'Charles Wilson', to_date('1969-06-26', 'yyyy-mm-dd'), 'SW');
insert into customers values ('cust94', 'Charles Wright', to_date('1998-04-11', 'yyyy-mm-dd'), 'DL');
insert into customers values ('cust95', 'Charles Young', to_date('1998-06-18', 'yyyy-mm-dd'), 'AA');
insert into customers values ('cust96', 'Christopher Anderson', to_date('1972-11-09', 'yyyy-mm-dd'), 'CO');
insert into customers values ('cust97', 'Christopher Brown', to_date('1988-01-02', 'yyyy-mm-dd'), 'US');
insert into customers values ('cust98', 'Christopher Collins', to_date('1995-08-04', 'yyyy-mm-dd'), 'DL');
insert into customers values ('cust99', 'Christopher Davis', to_date('1982-09-07', 'yyyy-mm-dd'), 'DL');
insert into customers values ('cust100', 'Christopher Evans', to_date('1995-06-10', 'yyyy-mm-dd'), 'UA');
insert into customers values ('cust101', 'Christopher Garcia', to_date('1978-04-12', 'yyyy-mm-dd'), 'CO');
insert into customers values ('cust102', 'Christopher Gonzalez', to_date('1970-06-28', 'yyyy-mm-dd'), 'UA');
insert into customers values ('cust103', 'Christopher Johnson', to_date('1984-05-21', 'yyyy-mm-dd'), 'UA');
insert into customers values ('cust104', 'Christopher Jones', to_date('1994-09-03', 'yyyy-mm-dd'), 'US');
insert into customers values ('cust105', 'Christopher Moore', to_date('1996-08-30', 'yyyy-mm-dd'), 'AA');
insert into customers values ('cust106', 'Christopher Nelson', to_date('1987-10-30', 'yyyy-mm-dd'), 'SW');
insert into customers values ('cust107', 'Christopher Robinson', to_date('1997-04-25', 'yyyy-mm-dd'), 'DL');
insert into customers values ('cust108', 'Christopher Rodriguez', to_date('1993-08-19', 'yyyy-mm-dd'), 'NW');
insert into customers values ('cust109', 'Christopher Taylor', to_date('1973-09-21', 'yyyy-mm-dd'), 'NW');
insert into customers values ('cust110', 'Christopher Walker', to_date('1992-10-25', 'yyyy-mm-dd'), 'DL');
insert into customers values ('cust111', 'Christopher Williams', to_date('1974-08-14', 'yyyy-mm-dd'), 'AA');
insert into customers values ('cust112', 'Daniel Allen', to_date('1972-11-28', 'yyyy-mm-dd'), 'SW');
insert into customers values ('cust113', 'Daniel Brown', to_date('1991-04-26', 'yyyy-mm-dd'), 'US');
insert into customers values ('cust114', 'Daniel Campbell', to_date('1994-11-08', 'yyyy-mm-dd'), 'US');
insert into customers values ('cust115', 'Daniel Collins', to_date('1977-09-18', 'yyyy-mm-dd'), 'CO');
insert into customers values ('cust116', 'Daniel Harris', to_date('1998-10-27', 'yyyy-mm-dd'), 'US');
insert into customers values ('cust117', 'Daniel Hernandez', to_date('1987-09-27', 'yyyy-mm-dd'), 'AA');
insert into customers values ('cust118', 'Daniel Lopez', to_date('1986-03-28', 'yyyy-mm-dd'), 'US');
insert into customers values ('cust119', 'Daniel Martin', to_date('1992-08-04', 'yyyy-mm-dd'), 'AA');
insert into customers values ('cust120', 'Daniel Martinez', to_date('1974-08-11', 'yyyy-mm-dd'), 'US');
insert into customers values ('cust121', 'Daniel Moore', to_date('1971-03-16', 'yyyy-mm-dd'), 'DL');
insert into customers values ('cust122', 'Daniel Parker', to_date('1973-06-29', 'yyyy-mm-dd'), 'US');
insert into customers values ('cust123', 'Daniel Perez', to_date('1987-12-31', 'yyyy-mm-dd'), 'AA');
insert into customers values ('cust124', 'Daniel Rodriguez', to_date('1995-08-29', 'yyyy-mm-dd'), 'CO');
insert into customers values ('cust125', 'Daniel Walker', to_date('1970-10-23', 'yyyy-mm-dd'), 'US');
insert into customers values ('cust126', 'Daniel Williams', to_date('1996-09-22', 'yyyy-mm-dd'), 'CO');
insert into customers values ('cust127', 'Daniel Wright', to_date('1988-01-08', 'yyyy-mm-dd'), 'SW');
insert into customers values ('cust128', 'David Baker', to_date('1988-10-26', 'yyyy-mm-dd'), 'DL');
insert into customers values ('cust129', 'David Campbell', to_date('1980-10-20', 'yyyy-mm-dd'), 'NW');
insert into customers values ('cust130', 'David Collins', to_date('1990-02-25', 'yyyy-mm-dd'), 'AA');
insert into customers values ('cust131', 'David Harris', to_date('1998-11-09', 'yyyy-mm-dd'), 'DL');
insert into customers values ('cust132', 'David Jackson', to_date('1991-07-24', 'yyyy-mm-dd'), 'DL');
insert into customers values ('cust133', 'David Lewis', to_date('1981-09-04', 'yyyy-mm-dd'), 'CO');
insert into customers values ('cust134', 'David Miller', to_date('1973-10-16', 'yyyy-mm-dd'), 'SW');
insert into customers values ('cust135', 'David Nelson', to_date('1997-02-01', 'yyyy-mm-dd'), 'CO');
insert into customers values ('cust136', 'David Parker', to_date('1975-11-28', 'yyyy-mm-dd'), 'AA');
insert into customers values ('cust137', 'David Roberts', to_date('1979-03-07', 'yyyy-mm-dd'), 'SW');
insert into customers values ('cust138', 'David Scott', to_date('1994-09-21', 'yyyy-mm-dd'), 'CO');
insert into customers values ('cust139', 'David Smith', to_date('1984-02-11', 'yyyy-mm-dd'), 'CO');
insert into customers values ('cust140', 'David Taylor', to_date('1988-04-25', 'yyyy-mm-dd'), 'AA');
insert into customers values ('cust141', 'David Thompson', to_date('1979-11-17', 'yyyy-mm-dd'), 'DL');
insert into customers values ('cust142', 'David White', to_date('1993-03-09', 'yyyy-mm-dd'), 'US');
insert into customers values ('cust143', 'Deborah Adams', to_date('1969-04-01', 'yyyy-mm-dd'), 'CO');
insert into customers values ('cust144', 'Deborah Anderson', to_date('1975-01-27', 'yyyy-mm-dd'), 'UA');
insert into customers values ('cust145', 'Deborah Brown', to_date('1979-03-24', 'yyyy-mm-dd'), 'AA');
insert into customers values ('cust146', 'Deborah Carter', to_date('1986-03-12', 'yyyy-mm-dd'), 'DL');
insert into customers values ('cust147', 'Deborah Clark', to_date('1991-03-01', 'yyyy-mm-dd'), 'DL');
insert into customers values ('cust148', 'Deborah Green', to_date('1989-06-08', 'yyyy-mm-dd'), 'DL');
insert into customers values ('cust149', 'Deborah Jackson', to_date('1985-09-16', 'yyyy-mm-dd'), 'NW');
insert into customers values ('cust150', 'Deborah Johnson', to_date('1979-06-20', 'yyyy-mm-dd'), 'DL');
insert into customers values ('cust151', 'Deborah Lee', to_date('1995-02-06', 'yyyy-mm-dd'), 'DL');
insert into customers values ('cust152', 'Deborah Martinez', to_date('1985-04-05', 'yyyy-mm-dd'), 'SW');
insert into customers values ('cust153', 'Deborah Moore', to_date('1992-03-11', 'yyyy-mm-dd'), 'NW');
insert into customers values ('cust154', 'Deborah Phillips', to_date('1985-06-02', 'yyyy-mm-dd'), 'DL');
insert into customers values ('cust155', 'Deborah Scott', to_date('1990-05-31', 'yyyy-mm-dd'), 'AA');
insert into customers values ('cust156', 'Deborah Smith', to_date('1998-03-15', 'yyyy-mm-dd'), 'DL');
insert into customers values ('cust157', 'Deborah Young', to_date('1992-12-03', 'yyyy-mm-dd'), 'UA');
insert into customers values ('cust158', 'Donald Adams', to_date('1992-08-23', 'yyyy-mm-dd'), 'DL');
insert into customers values ('cust159', 'Donald Anderson', to_date('1991-01-06', 'yyyy-mm-dd'), 'NW');
insert into customers values ('cust160', 'Donald Carter', to_date('1994-03-16', 'yyyy-mm-dd'), 'DL');
insert into customers values ('cust161', 'Donald Hall', to_date('1972-04-26', 'yyyy-mm-dd'), 'SW');
insert into customers values ('cust162', 'Donald Hernandez', to_date('1979-11-14', 'yyyy-mm-dd'), 'UA');
insert into customers values ('cust163', 'Donald Hill', to_date('1998-06-05', 'yyyy-mm-dd'), 'UA');
insert into customers values ('cust164', 'Donald Jackson', to_date('1991-07-07', 'yyyy-mm-dd'), 'DL');
insert into customers values ('cust165', 'Donald King', to_date('1979-01-05', 'yyyy-mm-dd'), 'US');
insert into customers values ('cust166', 'Donald Miller', to_date('1984-09-12', 'yyyy-mm-dd'), 'UA');
insert into customers values ('cust167', 'Donald Phillips', to_date('1994-09-15', 'yyyy-mm-dd'), 'UA');
insert into customers values ('cust168', 'Donald Robinson', to_date('1990-09-26', 'yyyy-mm-dd'), 'US');
insert into customers values ('cust169', 'Donald Scott', to_date('1986-06-01', 'yyyy-mm-dd'), 'CO');
insert into customers values ('cust170', 'Donald Thomas', to_date('1975-04-30', 'yyyy-mm-dd'), 'CO');
insert into customers values ('cust171', 'Donald White', to_date('1980-01-24', 'yyyy-mm-dd'), 'US');
insert into customers values ('cust172', 'Donald Wilson', to_date('1974-06-01', 'yyyy-mm-dd'), 'AA');
insert into customers values ('cust173', 'Donald Wright', to_date('1998-01-12', 'yyyy-mm-dd'), 'US');
insert into customers values ('cust174', 'Donna Adams', to_date('1970-04-21', 'yyyy-mm-dd'), 'UA');
insert into customers values ('cust175', 'Donna Campbell', to_date('1977-07-04', 'yyyy-mm-dd'), 'US');
insert into customers values ('cust176', 'Donna Carter', to_date('1975-05-04', 'yyyy-mm-dd'), 'AA');
insert into customers values ('cust177', 'Donna Collins', to_date('1993-11-08', 'yyyy-mm-dd'), 'CO');
insert into customers values ('cust178', 'Donna Hernandez', to_date('1989-08-01', 'yyyy-mm-dd'), 'SW');
insert into customers values ('cust179', 'Donna Moore', to_date('1994-05-04', 'yyyy-mm-dd'), 'DL');
insert into customers values ('cust180', 'Donna Nelson', to_date('1980-05-21', 'yyyy-mm-dd'), 'UA');
insert into customers values ('cust181', 'Donna Robinson', to_date('1981-03-30', 'yyyy-mm-dd'), 'UA');
insert into customers values ('cust182', 'Donna Rodriguez', to_date('1997-03-04', 'yyyy-mm-dd'), 'AA');
insert into customers values ('cust183', 'Donna Turner', to_date('1997-10-08', 'yyyy-mm-dd'), 'CO');
insert into customers values ('cust184', 'Donna Walker', to_date('1983-12-01', 'yyyy-mm-dd'), 'NW');
insert into customers values ('cust185', 'Donna Wright', to_date('1971-06-03', 'yyyy-mm-dd'), 'AA');
insert into customers values ('cust186', 'Donna Young', to_date('1973-03-17', 'yyyy-mm-dd'), 'UA');
insert into customers values ('cust187', 'Dorothy Adams', to_date('1969-05-23', 'yyyy-mm-dd'), 'AA');
insert into customers values ('cust188', 'Dorothy Allen', to_date('1972-06-17', 'yyyy-mm-dd'), 'NW');
insert into customers values ('cust189', 'Dorothy Carter', to_date('1980-02-04', 'yyyy-mm-dd'), 'UA');
insert into customers values ('cust190', 'Dorothy Clark', to_date('1990-12-29', 'yyyy-mm-dd'), 'SW');
insert into customers values ('cust191', 'Dorothy Collins', to_date('1990-11-18', 'yyyy-mm-dd'), 'US');
insert into customers values ('cust192', 'Dorothy Edwards', to_date('1989-11-26', 'yyyy-mm-dd'), 'NW');
insert into customers values ('cust193', 'Dorothy Johnson', to_date('1978-05-01', 'yyyy-mm-dd'), 'AA');
insert into customers values ('cust194', 'Dorothy Jones', to_date('1972-02-16', 'yyyy-mm-dd'), 'AA');
insert into customers values ('cust195', 'Dorothy Martin', to_date('1990-12-19', 'yyyy-mm-dd'), 'US');
insert into customers values ('cust196', 'Dorothy Nelson', to_date('1989-11-26', 'yyyy-mm-dd'), 'CO');
insert into customers values ('cust197', 'Dorothy Phillips', to_date('1997-01-21', 'yyyy-mm-dd'), 'SW');
insert into customers values ('cust198', 'Dorothy Rodriguez', to_date('1969-08-03', 'yyyy-mm-dd'), 'SW');
insert into customers values ('cust199', 'Dorothy Smith', to_date('1990-05-15', 'yyyy-mm-dd'), 'SW');
insert into customers values ('cust200', 'Dorothy Thompson', to_date('1969-07-06', 'yyyy-mm-dd'), 'AA');
insert into customers values ('cust201', 'Edward Anderson', to_date('1996-07-13', 'yyyy-mm-dd'), 'UA');
insert into customers values ('cust202', 'Edward Campbell', to_date('1977-05-27', 'yyyy-mm-dd'), 'US');
insert into customers values ('cust203', 'Edward Collins', to_date('1980-03-12', 'yyyy-mm-dd'), 'NW');
insert into customers values ('cust204', 'Edward Davis', to_date('1985-11-10', 'yyyy-mm-dd'), 'US');
insert into customers values ('cust205', 'Edward Edwards', to_date('1989-01-03', 'yyyy-mm-dd'), 'NW');
insert into customers values ('cust206', 'Edward Gonzalez', to_date('1981-10-10', 'yyyy-mm-dd'), 'US');
insert into customers values ('cust207', 'Edward Jackson', to_date('1985-08-05', 'yyyy-mm-dd'), 'US');
insert into customers values ('cust208', 'Edward Johnson', to_date('1995-03-08', 'yyyy-mm-dd'), 'AA');
insert into customers values ('cust209', 'Edward Jones', to_date('1980-12-10', 'yyyy-mm-dd'), 'AA');
insert into customers values ('cust210', 'Edward Lewis', to_date('1986-11-20', 'yyyy-mm-dd'), 'DL');
insert into customers values ('cust211', 'Edward Lopez', to_date('1974-10-27', 'yyyy-mm-dd'), 'AA');
insert into customers values ('cust212', 'Edward Moore', to_date('1970-07-09', 'yyyy-mm-dd'), 'SW');
insert into customers values ('cust213', 'Edward Phillips', to_date('1998-02-08', 'yyyy-mm-dd'), 'DL');
insert into customers values ('cust214', 'Edward Robinson', to_date('1995-09-22', 'yyyy-mm-dd'), 'UA');
insert into customers values ('cust215', 'Edward Rodriguez', to_date('1970-09-14', 'yyyy-mm-dd'), 'DL');
insert into customers values ('cust216', 'Edward Taylor', to_date('1982-07-09', 'yyyy-mm-dd'), 'US');
insert into customers values ('cust217', 'Edward Turner', to_date('1984-10-21', 'yyyy-mm-dd'), 'US');
insert into customers values ('cust218', 'Edward Walker', to_date('1993-11-18', 'yyyy-mm-dd'), 'SW');
insert into customers values ('cust219', 'Edward Wilson', to_date('1979-08-04', 'yyyy-mm-dd'), 'UA');
insert into customers values ('cust220', 'Edward Young', to_date('1995-02-22', 'yyyy-mm-dd'), 'UA');
insert into customers values ('cust221', 'Elizabeth Baker', to_date('1975-07-08', 'yyyy-mm-dd'), 'AA');
insert into customers values ('cust222', 'Elizabeth Brown', to_date('1991-09-16', 'yyyy-mm-dd'), 'NW');
insert into customers values ('cust223', 'Elizabeth Campbell', to_date('1989-12-10', 'yyyy-mm-dd'), 'DL');
insert into customers values ('cust224', 'Elizabeth Evans', to_date('1975-02-11', 'yyyy-mm-dd'), 'SW');
insert into customers values ('cust225', 'Elizabeth Garcia', to_date('1985-04-26', 'yyyy-mm-dd'), 'CO');
insert into customers values ('cust226', 'Elizabeth Gonzalez', to_date('1977-10-30', 'yyyy-mm-dd'), 'SW');
insert into customers values ('cust227', 'Elizabeth Johnson', to_date('1970-05-22', 'yyyy-mm-dd'), 'UA');
insert into customers values ('cust228', 'Elizabeth Lopez', to_date('1991-12-05', 'yyyy-mm-dd'), 'SW');
insert into customers values ('cust229', 'Elizabeth Phillips', to_date('1972-06-27', 'yyyy-mm-dd'), 'AA');
insert into customers values ('cust230', 'Elizabeth Thompson', to_date('1974-05-13', 'yyyy-mm-dd'), 'DL');
insert into customers values ('cust231', 'Elizabeth Turner', to_date('1984-06-22', 'yyyy-mm-dd'), 'UA');
insert into customers values ('cust232', 'Elizabeth Wilson', to_date('1992-11-22', 'yyyy-mm-dd'), 'NW');
insert into customers values ('cust233', 'Elizabeth Wright', to_date('1994-03-17', 'yyyy-mm-dd'), 'CO');
insert into customers values ('cust234', 'George Allen', to_date('1971-11-22', 'yyyy-mm-dd'), 'NW');
insert into customers values ('cust235', 'George Brown', to_date('1977-03-24', 'yyyy-mm-dd'), 'NW');
insert into customers values ('cust236', 'George Evans', to_date('1994-05-05', 'yyyy-mm-dd'), 'CO');
insert into customers values ('cust237', 'George Hall', to_date('1994-04-18', 'yyyy-mm-dd'), 'UA');
insert into customers values ('cust238', 'George Hill', to_date('1979-06-17', 'yyyy-mm-dd'), 'UA');
insert into customers values ('cust239', 'George Lewis', to_date('1995-04-27', 'yyyy-mm-dd'), 'AA');
insert into customers values ('cust240', 'George Nelson', to_date('1998-08-21', 'yyyy-mm-dd'), 'CO');
insert into customers values ('cust241', 'George Parker', to_date('1988-07-21', 'yyyy-mm-dd'), 'CO');
insert into customers values ('cust242', 'George Thomas', to_date('1982-09-05', 'yyyy-mm-dd'), 'AA');
insert into customers values ('cust243', 'George Thompson', to_date('1991-03-08', 'yyyy-mm-dd'), 'DL');
insert into customers values ('cust244', 'George Turner', to_date('1973-06-30', 'yyyy-mm-dd'), 'CO');
insert into customers values ('cust245', 'George Walker', to_date('1981-09-08', 'yyyy-mm-dd'), 'SW');
insert into customers values ('cust246', 'George Williams', to_date('1970-04-02', 'yyyy-mm-dd'), 'SW');
insert into customers values ('cust247', 'Helen Allen', to_date('1987-11-30', 'yyyy-mm-dd'), 'US');
insert into customers values ('cust248', 'Helen Anderson', to_date('1997-08-24', 'yyyy-mm-dd'), 'DL');
insert into customers values ('cust249', 'Helen Baker', to_date('1976-08-15', 'yyyy-mm-dd'), 'UA');
insert into customers values ('cust250', 'Helen Collins', to_date('1986-11-17', 'yyyy-mm-dd'), 'DL');
insert into customers values ('cust251', 'Helen Garcia', to_date('1980-02-19', 'yyyy-mm-dd'), 'DL');
insert into customers values ('cust252', 'Helen Gonzalez', to_date('1994-12-29', 'yyyy-mm-dd'), 'SW');
insert into customers values ('cust253', 'Helen Johnson', to_date('1994-11-03', 'yyyy-mm-dd'), 'US');
insert into customers values ('cust254', 'Helen Mitchell', to_date('1998-02-12', 'yyyy-mm-dd'), 'DL');
insert into customers values ('cust255', 'Helen Nelson', to_date('1972-11-10', 'yyyy-mm-dd'), 'NW');
insert into customers values ('cust256', 'Helen Robinson', to_date('1985-09-29', 'yyyy-mm-dd'), 'CO');
insert into customers values ('cust257', 'Helen Thompson', to_date('1973-11-14', 'yyyy-mm-dd'), 'NW');
insert into customers values ('cust258', 'Helen Walker', to_date('1989-11-05', 'yyyy-mm-dd'), 'UA');
insert into customers values ('cust259', 'Helen Williams', to_date('1998-04-30', 'yyyy-mm-dd'), 'US');
insert into customers values ('cust260', 'James Campbell', to_date('1991-10-31', 'yyyy-mm-dd'), 'SW');
insert into customers values ('cust261', 'James Carter', to_date('1985-03-07', 'yyyy-mm-dd'), 'UA');
insert into customers values ('cust262', 'James Clark', to_date('1982-12-19', 'yyyy-mm-dd'), 'UA');
insert into customers values ('cust263', 'James Edwards', to_date('1988-02-07', 'yyyy-mm-dd'), 'CO');
insert into customers values ('cust264', 'James Garcia', to_date('1970-07-04', 'yyyy-mm-dd'), 'DL');
insert into customers values ('cust265', 'James Gonzalez', to_date('1994-01-29', 'yyyy-mm-dd'), 'SW');
insert into customers values ('cust266', 'James Hernandez', to_date('1981-04-07', 'yyyy-mm-dd'), 'US');
insert into customers values ('cust267', 'James Hill', to_date('1984-12-29', 'yyyy-mm-dd'), 'SW');
insert into customers values ('cust268', 'James Johnson', to_date('1977-09-12', 'yyyy-mm-dd'), 'NW');
insert into customers values ('cust269', 'James King', to_date('1979-08-01', 'yyyy-mm-dd'), 'UA');
insert into customers values ('cust270', 'James Martin', to_date('1997-10-14', 'yyyy-mm-dd'), 'CO');
insert into customers values ('cust271', 'James Parker', to_date('1987-07-22', 'yyyy-mm-dd'), 'DL');
insert into customers values ('cust272', 'James Roberts', to_date('1990-09-03', 'yyyy-mm-dd'), 'NW');
insert into customers values ('cust273', 'James Rodriguez', to_date('1980-08-21', 'yyyy-mm-dd'), 'US');
insert into customers values ('cust274', 'James Thompson', to_date('1982-09-20', 'yyyy-mm-dd'), 'US');
insert into customers values ('cust275', 'James Walker', to_date('1986-07-22', 'yyyy-mm-dd'), 'US');
insert into customers values ('cust276', 'James White', to_date('1996-03-27', 'yyyy-mm-dd'), 'NW');
insert into customers values ('cust277', 'James Williams', to_date('1972-04-29', 'yyyy-mm-dd'), 'AA');
insert into customers values ('cust278', 'Jason Allen', to_date('1993-01-24', 'yyyy-mm-dd'), 'UA');
insert into customers values ('cust279', 'Jason Campbell', to_date('1980-12-05', 'yyyy-mm-dd'), 'US');
insert into customers values ('cust280', 'Jason Miller', to_date('1998-12-20', 'yyyy-mm-dd'), 'SW');
insert into customers values ('cust281', 'Jason Mitchell', to_date('1992-10-03', 'yyyy-mm-dd'), 'CO');
insert into customers values ('cust282', 'Jason Moore', to_date('1992-05-09', 'yyyy-mm-dd'), 'CO');
insert into customers values ('cust283', 'Jason Perez', to_date('1977-12-18', 'yyyy-mm-dd'), 'DL');
insert into customers values ('cust284', 'Jason Phillips', to_date('1971-01-28', 'yyyy-mm-dd'), 'AA');
insert into customers values ('cust285', 'Jason Robinson', to_date('1989-08-18', 'yyyy-mm-dd'), 'US');
insert into customers values ('cust286', 'Jason Taylor', to_date('1995-05-29', 'yyyy-mm-dd'), 'AA');
insert into customers values ('cust287', 'Jeff Allen', to_date('1990-01-13', 'yyyy-mm-dd'), 'US');
insert into customers values ('cust288', 'Jeff Brown', to_date('1982-12-09', 'yyyy-mm-dd'), 'CO');
insert into customers values ('cust289', 'Jeff Clark', to_date('1972-02-07', 'yyyy-mm-dd'), 'US');
insert into customers values ('cust290', 'Jeff Davis', to_date('1991-06-16', 'yyyy-mm-dd'), 'CO');
insert into customers values ('cust291', 'Jeff Edwards', to_date('1987-09-22', 'yyyy-mm-dd'), 'DL');
insert into customers values ('cust292', 'Jeff Gonzalez', to_date('1981-05-08', 'yyyy-mm-dd'), 'CO');
insert into customers values ('cust293', 'Jeff Hernandez', to_date('1981-11-01', 'yyyy-mm-dd'), 'AA');
insert into customers values ('cust294', 'Jeff Johnson', to_date('1985-10-17', 'yyyy-mm-dd'), 'AA');
insert into customers values ('cust295', 'Jeff Martinez', to_date('1986-06-27', 'yyyy-mm-dd'), 'SW');
insert into customers values ('cust296', 'Jeff Nelson', to_date('1979-02-22', 'yyyy-mm-dd'), 'UA');
insert into customers values ('cust297', 'Jeff Robinson', to_date('1974-03-22', 'yyyy-mm-dd'), 'DL');
insert into customers values ('cust298', 'Jeff Thompson', to_date('1998-01-06', 'yyyy-mm-dd'), 'US');
insert into customers values ('cust299', 'Jeff Turner', to_date('1971-12-03', 'yyyy-mm-dd'), 'UA');
insert into customers values ('cust300', 'Jennifer Allen', to_date('1988-04-25', 'yyyy-mm-dd'), 'UA');
insert into customers values ('cust301', 'Jennifer Baker', to_date('1978-02-05', 'yyyy-mm-dd'), 'NW');
insert into customers values ('cust302', 'Jennifer Campbell', to_date('1982-04-16', 'yyyy-mm-dd'), 'NW');
insert into customers values ('cust303', 'Jennifer Carter', to_date('1975-08-27', 'yyyy-mm-dd'), 'AA');
insert into customers values ('cust304', 'Jennifer Collins', to_date('1995-08-20', 'yyyy-mm-dd'), 'US');
insert into customers values ('cust305', 'Jennifer Garcia', to_date('1980-05-17', 'yyyy-mm-dd'), 'DL');
insert into customers values ('cust306', 'Jennifer Hall', to_date('1972-05-21', 'yyyy-mm-dd'), 'SW');
insert into customers values ('cust307', 'Jennifer Harris', to_date('1991-12-09', 'yyyy-mm-dd'), 'AA');
insert into customers values ('cust308', 'Jennifer Lewis', to_date('1987-06-01', 'yyyy-mm-dd'), 'AA');
insert into customers values ('cust309', 'Jennifer Mitchell', to_date('1978-11-01', 'yyyy-mm-dd'), 'DL');
insert into customers values ('cust310', 'Jennifer Smith', to_date('1982-03-31', 'yyyy-mm-dd'), 'UA');
insert into customers values ('cust311', 'Jennifer Thomas', to_date('1972-01-21', 'yyyy-mm-dd'), 'DL');
insert into customers values ('cust312', 'Jennifer Wilson', to_date('1977-08-25', 'yyyy-mm-dd'), 'NW');
insert into customers values ('cust313', 'Jennifer Wright', to_date('1994-04-16', 'yyyy-mm-dd'), 'NW');
insert into customers values ('cust314', 'Jennifer Young', to_date('1979-09-24', 'yyyy-mm-dd'), 'DL');
insert into customers values ('cust315', 'John Brown', to_date('1991-04-16', 'yyyy-mm-dd'), 'CO');
insert into customers values ('cust316', 'John Campbell', to_date('1971-03-27', 'yyyy-mm-dd'), 'NW');
insert into customers values ('cust317', 'John Green', to_date('1990-09-15', 'yyyy-mm-dd'), 'NW');
insert into customers values ('cust318', 'John Hall', to_date('1989-01-04', 'yyyy-mm-dd'), 'CO');
insert into customers values ('cust319', 'John Harris', to_date('1971-02-25', 'yyyy-mm-dd'), 'DL');
insert into customers values ('cust320', 'John Hernandez', to_date('1981-05-29', 'yyyy-mm-dd'), 'SW');
insert into customers values ('cust321', 'John Lopez', to_date('1989-02-16', 'yyyy-mm-dd'), 'DL');
insert into customers values ('cust322', 'John Mitchell', to_date('1994-09-24', 'yyyy-mm-dd'), 'SW');
insert into customers values ('cust323', 'John Moore', to_date('1996-01-19', 'yyyy-mm-dd'), 'SW');
insert into customers values ('cust324', 'John Parker', to_date('1988-02-12', 'yyyy-mm-dd'), 'US');
insert into customers values ('cust325', 'John Perez', to_date('1979-04-08', 'yyyy-mm-dd'), 'SW');
insert into customers values ('cust326', 'John Phillips', to_date('1988-02-12', 'yyyy-mm-dd'), 'UA');
insert into customers values ('cust327', 'John Robinson', to_date('1992-05-31', 'yyyy-mm-dd'), 'UA');
insert into customers values ('cust328', 'John Rodriguez', to_date('1971-06-02', 'yyyy-mm-dd'), 'SW');
insert into customers values ('cust329', 'John Thomas', to_date('1989-07-01', 'yyyy-mm-dd'), 'CO');
insert into customers values ('cust330', 'John Turner', to_date('1993-02-04', 'yyyy-mm-dd'), 'SW');
insert into customers values ('cust331', 'John Wilson', to_date('1974-05-20', 'yyyy-mm-dd'), 'UA');
insert into customers values ('cust332', 'John Young', to_date('1981-08-31', 'yyyy-mm-dd'), 'CO');
insert into customers values ('cust333', 'Joseph Brown', to_date('1994-02-16', 'yyyy-mm-dd'), 'DL');
insert into customers values ('cust334', 'Joseph Evans', to_date('1977-12-09', 'yyyy-mm-dd'), 'NW');
insert into customers values ('cust335', 'Joseph Garcia', to_date('1998-11-14', 'yyyy-mm-dd'), 'AA');
insert into customers values ('cust336', 'Joseph Green', to_date('1975-10-01', 'yyyy-mm-dd'), 'NW');
insert into customers values ('cust337', 'Joseph Hall', to_date('1973-09-05', 'yyyy-mm-dd'), 'NW');
insert into customers values ('cust338', 'Joseph Lee', to_date('1985-01-28', 'yyyy-mm-dd'), 'NW');
insert into customers values ('cust339', 'Joseph Martinez', to_date('1969-09-25', 'yyyy-mm-dd'), 'CO');
insert into customers values ('cust340', 'Joseph Miller', to_date('1995-10-08', 'yyyy-mm-dd'), 'NW');
insert into customers values ('cust341', 'Joseph Moore', to_date('1971-12-06', 'yyyy-mm-dd'), 'CO');
insert into customers values ('cust342', 'Joseph Parker', to_date('1979-11-22', 'yyyy-mm-dd'), 'CO');
insert into customers values ('cust343', 'Joseph Perez', to_date('1977-11-27', 'yyyy-mm-dd'), 'NW');
insert into customers values ('cust344', 'Joseph Phillips', to_date('1984-10-03', 'yyyy-mm-dd'), 'CO');
insert into customers values ('cust345', 'Joseph Thomas', to_date('1970-11-04', 'yyyy-mm-dd'), 'DL');
insert into customers values ('cust346', 'Karen Anderson', to_date('1976-01-20', 'yyyy-mm-dd'), 'DL');
insert into customers values ('cust347', 'Karen Campbell', to_date('1983-01-28', 'yyyy-mm-dd'), 'CO');
insert into customers values ('cust348', 'Karen Martinez', to_date('1980-08-09', 'yyyy-mm-dd'), 'AA');
insert into customers values ('cust349', 'Karen Mitchell', to_date('1981-08-29', 'yyyy-mm-dd'), 'UA');
insert into customers values ('cust350', 'Karen Nelson', to_date('1983-02-03', 'yyyy-mm-dd'), 'UA');
insert into customers values ('cust351', 'Karen Robinson', to_date('1988-06-15', 'yyyy-mm-dd'), 'DL');
insert into customers values ('cust352', 'Karen Taylor', to_date('1997-12-05', 'yyyy-mm-dd'), 'US');
insert into customers values ('cust353', 'Karen Williams', to_date('1978-07-12', 'yyyy-mm-dd'), 'CO');
insert into customers values ('cust354', 'Kenneth Baker', to_date('1989-01-15', 'yyyy-mm-dd'), 'DL');
insert into customers values ('cust355', 'Kenneth Clark', to_date('1978-12-09', 'yyyy-mm-dd'), 'SW');
insert into customers values ('cust356', 'Kenneth Harris', to_date('1994-02-21', 'yyyy-mm-dd'), 'DL');
insert into customers values ('cust357', 'Kenneth Hernandez', to_date('1997-11-23', 'yyyy-mm-dd'), 'SW');
insert into customers values ('cust358', 'Kenneth Lewis', to_date('1988-07-09', 'yyyy-mm-dd'), 'CO');
insert into customers values ('cust359', 'Kenneth Lopez', to_date('1979-09-14', 'yyyy-mm-dd'), 'DL');
insert into customers values ('cust360', 'Kenneth Moore', to_date('1994-01-12', 'yyyy-mm-dd'), 'UA');
insert into customers values ('cust361', 'Kenneth Nelson', to_date('1985-02-20', 'yyyy-mm-dd'), 'DL');
insert into customers values ('cust362', 'Kenneth Robinson', to_date('1984-04-16', 'yyyy-mm-dd'), 'AA');
insert into customers values ('cust363', 'Kenneth Rodriguez', to_date('1970-03-28', 'yyyy-mm-dd'), 'US');
insert into customers values ('cust364', 'Kenneth Scott', to_date('1974-08-26', 'yyyy-mm-dd'), 'SW');
insert into customers values ('cust365', 'Kenneth Smith', to_date('1996-06-08', 'yyyy-mm-dd'), 'CO');
insert into customers values ('cust366', 'Kenneth Taylor', to_date('1987-09-01', 'yyyy-mm-dd'), 'SW');
insert into customers values ('cust367', 'Kenneth Turner', to_date('1995-11-25', 'yyyy-mm-dd'), 'NW');
insert into customers values ('cust368', 'Kenneth White', to_date('1989-06-12', 'yyyy-mm-dd'), 'US');
insert into customers values ('cust369', 'Kevin Brown', to_date('1992-07-27', 'yyyy-mm-dd'), 'UA');
insert into customers values ('cust370', 'Kevin Edwards', to_date('1990-09-18', 'yyyy-mm-dd'), 'CO');
insert into customers values ('cust371', 'Kevin Evans', to_date('1987-01-27', 'yyyy-mm-dd'), 'US');
insert into customers values ('cust372', 'Kevin Garcia', to_date('1998-08-30', 'yyyy-mm-dd'), 'US');
insert into customers values ('cust373', 'Kevin Harris', to_date('1997-08-10', 'yyyy-mm-dd'), 'SW');
insert into customers values ('cust374', 'Kevin King', to_date('1980-09-02', 'yyyy-mm-dd'), 'SW');
insert into customers values ('cust375', 'Kevin Lewis', to_date('1972-11-02', 'yyyy-mm-dd'), 'UA');
insert into customers values ('cust376', 'Kevin Martinez', to_date('1989-10-16', 'yyyy-mm-dd'), 'AA');
insert into customers values ('cust377', 'Kevin Mitchell', to_date('1993-12-26', 'yyyy-mm-dd'), 'NW');
insert into customers values ('cust378', 'Kevin Roberts', to_date('1984-06-22', 'yyyy-mm-dd'), 'DL');
insert into customers values ('cust379', 'Kevin Rodriguez', to_date('1974-05-30', 'yyyy-mm-dd'), 'DL');
insert into customers values ('cust380', 'Kevin Taylor', to_date('1990-01-03', 'yyyy-mm-dd'), 'NW');
insert into customers values ('cust381', 'Kevin Turner', to_date('1982-04-03', 'yyyy-mm-dd'), 'NW');
insert into customers values ('cust382', 'Kevin Walker', to_date('1988-12-13', 'yyyy-mm-dd'), 'US');
insert into customers values ('cust383', 'Kevin Wilson', to_date('1980-05-11', 'yyyy-mm-dd'), 'SW');
insert into customers values ('cust384', 'Kimberly Anderson', to_date('1969-10-22', 'yyyy-mm-dd'), 'CO');
insert into customers values ('cust385', 'Kimberly Clark', to_date('1981-09-04', 'yyyy-mm-dd'), 'NW');
insert into customers values ('cust386', 'Kimberly Collins', to_date('1979-06-11', 'yyyy-mm-dd'), 'CO');
insert into customers values ('cust387', 'Kimberly Evans', to_date('1993-06-16', 'yyyy-mm-dd'), 'AA');
insert into customers values ('cust388', 'Kimberly Green', to_date('1974-04-01', 'yyyy-mm-dd'), 'AA');
insert into customers values ('cust389', 'Kimberly Harris', to_date('1995-03-25', 'yyyy-mm-dd'), 'UA');
insert into customers values ('cust390', 'Kimberly Hill', to_date('1987-05-13', 'yyyy-mm-dd'), 'NW');
insert into customers values ('cust391', 'Kimberly King', to_date('1996-07-24', 'yyyy-mm-dd'), 'DL');
insert into customers values ('cust392', 'Kimberly Lee', to_date('1986-05-14', 'yyyy-mm-dd'), 'NW');
insert into customers values ('cust393', 'Kimberly Martinez', to_date('1970-01-17', 'yyyy-mm-dd'), 'AA');
insert into customers values ('cust394', 'Kimberly Moore', to_date('1984-09-19', 'yyyy-mm-dd'), 'DL');
insert into customers values ('cust395', 'Kimberly Nelson', to_date('1992-03-06', 'yyyy-mm-dd'), 'US');
insert into customers values ('cust396', 'Kimberly Perez', to_date('1994-01-27', 'yyyy-mm-dd'), 'AA');
insert into customers values ('cust397', 'Kimberly Taylor', to_date('1971-09-08', 'yyyy-mm-dd'), 'DL');
insert into customers values ('cust398', 'Kimberly Thompson', to_date('1980-10-14', 'yyyy-mm-dd'), 'SW');
insert into customers values ('cust399', 'Kimberly Turner', to_date('1978-03-12', 'yyyy-mm-dd'), 'SW');
insert into customers values ('cust400', 'Kimberly Walker', to_date('1989-12-09', 'yyyy-mm-dd'), 'SW');
insert into customers values ('cust401', 'Kimberly White', to_date('1988-09-19', 'yyyy-mm-dd'), 'AA');
insert into customers values ('cust402', 'Laura Adams', to_date('1994-02-14', 'yyyy-mm-dd'), 'UA');
insert into customers values ('cust403', 'Laura Clark', to_date('1969-05-31', 'yyyy-mm-dd'), 'SW');
insert into customers values ('cust404', 'Laura Collins', to_date('1970-06-22', 'yyyy-mm-dd'), 'AA');
insert into customers values ('cust405', 'Laura Edwards', to_date('1990-09-14', 'yyyy-mm-dd'), 'UA');
insert into customers values ('cust406', 'Laura Evans', to_date('1970-03-30', 'yyyy-mm-dd'), 'DL');
insert into customers values ('cust407', 'Laura Gonzalez', to_date('1972-05-08', 'yyyy-mm-dd'), 'SW');
insert into customers values ('cust408', 'Laura Harris', to_date('1979-01-24', 'yyyy-mm-dd'), 'DL');
insert into customers values ('cust409', 'Laura Hernandez', to_date('1970-11-06', 'yyyy-mm-dd'), 'NW');
insert into customers values ('cust410', 'Laura Johnson', to_date('1992-09-11', 'yyyy-mm-dd'), 'AA');
insert into customers values ('cust411', 'Laura Martinez', to_date('1977-12-22', 'yyyy-mm-dd'), 'DL');
insert into customers values ('cust412', 'Laura Nelson', to_date('1974-05-22', 'yyyy-mm-dd'), 'UA');
insert into customers values ('cust413', 'Laura Scott', to_date('1981-11-18', 'yyyy-mm-dd'), 'CO');
insert into customers values ('cust414', 'Laura Taylor', to_date('1973-07-03', 'yyyy-mm-dd'), 'AA');
insert into customers values ('cust415', 'Laura Thomas', to_date('1984-09-25', 'yyyy-mm-dd'), 'SW');
insert into customers values ('cust416', 'Laura Turner', to_date('1973-03-11', 'yyyy-mm-dd'), 'NW');
insert into customers values ('cust417', 'Laura Williams', to_date('1971-04-22', 'yyyy-mm-dd'), 'SW');
insert into customers values ('cust418', 'Laura Wilson', to_date('1995-02-13', 'yyyy-mm-dd'), 'AA');
insert into customers values ('cust419', 'Laura Wright', to_date('1981-09-19', 'yyyy-mm-dd'), 'SW');
insert into customers values ('cust420', 'Laura Young', to_date('1994-06-03', 'yyyy-mm-dd'), 'US');
insert into customers values ('cust421', 'Linda Allen', to_date('1979-03-21', 'yyyy-mm-dd'), 'SW');
insert into customers values ('cust422', 'Linda Campbell', to_date('1995-03-09', 'yyyy-mm-dd'), 'NW');
insert into customers values ('cust423', 'Linda Collins', to_date('1979-03-03', 'yyyy-mm-dd'), 'DL');
insert into customers values ('cust424', 'Linda Evans', to_date('1998-10-03', 'yyyy-mm-dd'), 'DL');
insert into customers values ('cust425', 'Linda Hall', to_date('1980-04-07', 'yyyy-mm-dd'), 'UA');
insert into customers values ('cust426', 'Linda Lopez', to_date('1981-04-01', 'yyyy-mm-dd'), 'NW');
insert into customers values ('cust427', 'Linda Martinez', to_date('1971-04-13', 'yyyy-mm-dd'), 'AA');
insert into customers values ('cust428', 'Linda Phillips', to_date('1995-02-12', 'yyyy-mm-dd'), 'US');
insert into customers values ('cust429', 'Linda Roberts', to_date('1977-10-29', 'yyyy-mm-dd'), 'US');
insert into customers values ('cust430', 'Linda Robinson', to_date('1991-05-19', 'yyyy-mm-dd'), 'AA');
insert into customers values ('cust431', 'Linda Smith', to_date('1993-06-01', 'yyyy-mm-dd'), 'AA');
insert into customers values ('cust432', 'Linda Taylor', to_date('1983-07-19', 'yyyy-mm-dd'), 'NW');
insert into customers values ('cust433', 'Linda Turner', to_date('1976-10-04', 'yyyy-mm-dd'), 'SW');
insert into customers values ('cust434', 'Linda Walker', to_date('1983-07-03', 'yyyy-mm-dd'), 'NW');
insert into customers values ('cust435', 'Linda White', to_date('1993-10-13', 'yyyy-mm-dd'), 'SW');
insert into customers values ('cust436', 'Linda Young', to_date('1980-12-19', 'yyyy-mm-dd'), 'NW');
insert into customers values ('cust437', 'Lisa Adams', to_date('1978-03-07', 'yyyy-mm-dd'), 'DL');
insert into customers values ('cust438', 'Lisa Brown', to_date('1993-08-22', 'yyyy-mm-dd'), 'NW');
insert into customers values ('cust439', 'Lisa Clark', to_date('1996-07-16', 'yyyy-mm-dd'), 'UA');
insert into customers values ('cust440', 'Lisa Davis', to_date('1994-02-07', 'yyyy-mm-dd'), 'US');
insert into customers values ('cust441', 'Lisa Edwards', to_date('1997-04-21', 'yyyy-mm-dd'), 'NW');
insert into customers values ('cust442', 'Lisa Evans', to_date('1981-05-22', 'yyyy-mm-dd'), 'CO');
insert into customers values ('cust443', 'Lisa Garcia', to_date('1991-06-30', 'yyyy-mm-dd'), 'UA');
insert into customers values ('cust444', 'Lisa Gonzalez', to_date('1991-03-15', 'yyyy-mm-dd'), 'UA');
insert into customers values ('cust445', 'Lisa Jones', to_date('1992-12-25', 'yyyy-mm-dd'), 'DL');
insert into customers values ('cust446', 'Lisa Lee', to_date('1987-08-23', 'yyyy-mm-dd'), 'UA');
insert into customers values ('cust447', 'Lisa Scott', to_date('1982-06-16', 'yyyy-mm-dd'), 'DL');
insert into customers values ('cust448', 'Lisa Taylor', to_date('1991-08-29', 'yyyy-mm-dd'), 'NW');
insert into customers values ('cust449', 'Lisa Thompson', to_date('1994-10-29', 'yyyy-mm-dd'), 'US');
insert into customers values ('cust450', 'Lisa Turner', to_date('1977-11-24', 'yyyy-mm-dd'), 'SW');
insert into customers values ('cust451', 'Lisa Walker', to_date('1974-02-22', 'yyyy-mm-dd'), 'UA');
insert into customers values ('cust452', 'Lisa Wilson', to_date('1980-05-31', 'yyyy-mm-dd'), 'US');
insert into customers values ('cust453', 'Margaret Baker', to_date('1971-09-21', 'yyyy-mm-dd'), 'NW');
insert into customers values ('cust454', 'Margaret Clark', to_date('1981-03-12', 'yyyy-mm-dd'), 'DL');
insert into customers values ('cust455', 'Margaret Collins', to_date('1984-12-05', 'yyyy-mm-dd'), 'US');
insert into customers values ('cust456', 'Margaret Gonzalez', to_date('1991-01-29', 'yyyy-mm-dd'), 'DL');
insert into customers values ('cust457', 'Margaret Green', to_date('1982-06-29', 'yyyy-mm-dd'), 'AA');
insert into customers values ('cust458', 'Margaret Hill', to_date('1972-12-13', 'yyyy-mm-dd'), 'NW');
insert into customers values ('cust459', 'Margaret Lopez', to_date('1970-04-11', 'yyyy-mm-dd'), 'SW');
insert into customers values ('cust460', 'Margaret Martinez', to_date('1989-09-19', 'yyyy-mm-dd'), 'UA');
insert into customers values ('cust461', 'Margaret Mitchell', to_date('1987-08-22', 'yyyy-mm-dd'), 'AA');
insert into customers values ('cust462', 'Margaret Parker', to_date('1976-10-29', 'yyyy-mm-dd'), 'AA');
insert into customers values ('cust463', 'Margaret Perez', to_date('1998-12-22', 'yyyy-mm-dd'), 'CO');
insert into customers values ('cust464', 'Margaret Phillips', to_date('1978-03-06', 'yyyy-mm-dd'), 'CO');
insert into customers values ('cust465', 'Margaret Robinson', to_date('1997-10-07', 'yyyy-mm-dd'), 'AA');
insert into customers values ('cust466', 'Margaret Smith', to_date('1998-10-25', 'yyyy-mm-dd'), 'CO');
insert into customers values ('cust467', 'Margaret Taylor', to_date('1982-06-05', 'yyyy-mm-dd'), 'UA');
insert into customers values ('cust468', 'Margaret White', to_date('1993-11-14', 'yyyy-mm-dd'), 'NW');
insert into customers values ('cust469', 'Margaret Wright', to_date('1982-08-25', 'yyyy-mm-dd'), 'SW');
insert into customers values ('cust470', 'Margaret Young', to_date('1983-10-28', 'yyyy-mm-dd'), 'NW');
insert into customers values ('cust471', 'Maria Allen', to_date('1973-08-07', 'yyyy-mm-dd'), 'US');
insert into customers values ('cust472', 'Maria Anderson', to_date('1990-03-10', 'yyyy-mm-dd'), 'UA');
insert into customers values ('cust473', 'Maria Brown', to_date('1991-08-31', 'yyyy-mm-dd'), 'SW');
insert into customers values ('cust474', 'Maria Carter', to_date('1992-08-06', 'yyyy-mm-dd'), 'UA');
insert into customers values ('cust475', 'Maria Clark', to_date('1991-03-05', 'yyyy-mm-dd'), 'US');
insert into customers values ('cust476', 'Maria Garcia', to_date('1978-12-25', 'yyyy-mm-dd'), 'US');
insert into customers values ('cust477', 'Maria Gonzalez', to_date('1984-07-11', 'yyyy-mm-dd'), 'SW');
insert into customers values ('cust478', 'Maria Hernandez', to_date('1994-10-09', 'yyyy-mm-dd'), 'NW');
insert into customers values ('cust479', 'Maria Hill', to_date('1980-10-11', 'yyyy-mm-dd'), 'NW');
insert into customers values ('cust480', 'Maria Johnson', to_date('1984-08-07', 'yyyy-mm-dd'), 'NW');
insert into customers values ('cust481', 'Maria King', to_date('1987-11-29', 'yyyy-mm-dd'), 'DL');
insert into customers values ('cust482', 'Maria Lewis', to_date('1970-07-19', 'yyyy-mm-dd'), 'NW');
insert into customers values ('cust483', 'Maria Lopez', to_date('1993-01-05', 'yyyy-mm-dd'), 'SW');
insert into customers values ('cust484', 'Maria Perez', to_date('1995-12-29', 'yyyy-mm-dd'), 'SW');
insert into customers values ('cust485', 'Maria Rodriguez', to_date('1971-12-22', 'yyyy-mm-dd'), 'CO');
insert into customers values ('cust486', 'Maria Thomas', to_date('1971-08-18', 'yyyy-mm-dd'), 'NW');
insert into customers values ('cust487', 'Maria Turner', to_date('1976-01-30', 'yyyy-mm-dd'), 'DL');
insert into customers values ('cust488', 'Maria White', to_date('1991-01-28', 'yyyy-mm-dd'), 'AA');
insert into customers values ('cust489', 'Mark Campbell', to_date('1987-06-04', 'yyyy-mm-dd'), 'US');
insert into customers values ('cust490', 'Mark Collins', to_date('1979-06-30', 'yyyy-mm-dd'), 'CO');
insert into customers values ('cust491', 'Mark Garcia', to_date('1997-02-15', 'yyyy-mm-dd'), 'AA');
insert into customers values ('cust492', 'Mark Gonzalez', to_date('1995-01-06', 'yyyy-mm-dd'), 'UA');
insert into customers values ('cust493', 'Mark Lee', to_date('1972-02-17', 'yyyy-mm-dd'), 'DL');
insert into customers values ('cust494', 'Mark Lopez', to_date('1976-02-18', 'yyyy-mm-dd'), 'AA');
insert into customers values ('cust495', 'Mark Parker', to_date('1975-05-19', 'yyyy-mm-dd'), 'SW');
insert into customers values ('cust496', 'Mark Phillips', to_date('1991-10-01', 'yyyy-mm-dd'), 'UA');
insert into customers values ('cust497', 'Mark Roberts', to_date('1992-10-14', 'yyyy-mm-dd'), 'UA');
insert into customers values ('cust498', 'Mark Robinson', to_date('1990-04-25', 'yyyy-mm-dd'), 'CO');
insert into customers values ('cust499', 'Mark Rodriguez', to_date('1996-01-14', 'yyyy-mm-dd'), 'DL');
insert into customers values ('cust500', 'Mark Taylor', to_date('1995-03-21', 'yyyy-mm-dd'), 'UA');
insert into customers values ('cust501', 'Mark Thompson', to_date('1985-10-25', 'yyyy-mm-dd'), 'UA');
insert into customers values ('cust502', 'Mark Turner', to_date('1979-12-21', 'yyyy-mm-dd'), 'NW');
insert into customers values ('cust503', 'Mark Wright', to_date('1973-02-09', 'yyyy-mm-dd'), 'AA');
insert into customers values ('cust504', 'Mary Allen', to_date('1994-09-05', 'yyyy-mm-dd'), 'CO');
insert into customers values ('cust505', 'Mary Carter', to_date('1987-12-01', 'yyyy-mm-dd'), 'US');
insert into customers values ('cust506', 'Mary Collins', to_date('1988-04-03', 'yyyy-mm-dd'), 'SW');
insert into customers values ('cust507', 'Mary Edwards', to_date('1985-02-10', 'yyyy-mm-dd'), 'US');
insert into customers values ('cust508', 'Mary Gonzalez', to_date('1975-08-20', 'yyyy-mm-dd'), 'US');
insert into customers values ('cust509', 'Mary Jones', to_date('1995-05-12', 'yyyy-mm-dd'), 'US');
insert into customers values ('cust510', 'Mary Moore', to_date('1969-03-14', 'yyyy-mm-dd'), 'UA');
insert into customers values ('cust511', 'Mary Parker', to_date('1976-10-16', 'yyyy-mm-dd'), 'NW');
insert into customers values ('cust512', 'Mary Scott', to_date('1985-08-08', 'yyyy-mm-dd'), 'AA');
insert into customers values ('cust513', 'Mary Smith', to_date('1977-10-10', 'yyyy-mm-dd'), 'UA');
insert into customers values ('cust514', 'Mary Thomas', to_date('1975-04-29', 'yyyy-mm-dd'), 'DL');
insert into customers values ('cust515', 'Michael Adams', to_date('1985-11-28', 'yyyy-mm-dd'), 'CO');
insert into customers values ('cust516', 'Michael Anderson', to_date('1981-07-21', 'yyyy-mm-dd'), 'AA');
insert into customers values ('cust517', 'Michael Collins', to_date('1979-12-30', 'yyyy-mm-dd'), 'DL');
insert into customers values ('cust518', 'Michael Garcia', to_date('1998-03-25', 'yyyy-mm-dd'), 'UA');
insert into customers values ('cust519', 'Michael Green', to_date('1992-12-28', 'yyyy-mm-dd'), 'UA');
insert into customers values ('cust520', 'Michael Hernandez', to_date('1982-11-13', 'yyyy-mm-dd'), 'DL');
insert into customers values ('cust521', 'Michael Jones', to_date('1983-03-29', 'yyyy-mm-dd'), 'US');
insert into customers values ('cust522', 'Michael King', to_date('1989-08-22', 'yyyy-mm-dd'), 'NW');
insert into customers values ('cust523', 'Michael Martinez', to_date('1998-06-17', 'yyyy-mm-dd'), 'SW');
insert into customers values ('cust524', 'Michael Moore', to_date('1981-11-02', 'yyyy-mm-dd'), 'DL');
insert into customers values ('cust525', 'Michael Nelson', to_date('1983-11-23', 'yyyy-mm-dd'), 'SW');
insert into customers values ('cust526', 'Michael Parker', to_date('1998-06-09', 'yyyy-mm-dd'), 'NW');
insert into customers values ('cust527', 'Michael Roberts', to_date('1979-08-23', 'yyyy-mm-dd'), 'UA');
insert into customers values ('cust528', 'Michael Taylor', to_date('1970-09-08', 'yyyy-mm-dd'), 'US');
insert into customers values ('cust529', 'Michael Thompson', to_date('1976-02-20', 'yyyy-mm-dd'), 'US');
insert into customers values ('cust530', 'Michael White', to_date('1976-11-21', 'yyyy-mm-dd'), 'UA');
insert into customers values ('cust531', 'Michael Wilson', to_date('1987-05-15', 'yyyy-mm-dd'), 'UA');
insert into customers values ('cust532', 'Michael Wright', to_date('1971-10-24', 'yyyy-mm-dd'), 'DL');
insert into customers values ('cust533', 'Michelle Allen', to_date('1981-11-25', 'yyyy-mm-dd'), 'SW');
insert into customers values ('cust534', 'Michelle Anderson', to_date('1986-01-05', 'yyyy-mm-dd'), 'AA');
insert into customers values ('cust535', 'Michelle Baker', to_date('1989-08-11', 'yyyy-mm-dd'), 'CO');
insert into customers values ('cust536', 'Michelle Carter', to_date('1995-07-14', 'yyyy-mm-dd'), 'SW');
insert into customers values ('cust537', 'Michelle Collins', to_date('1979-04-09', 'yyyy-mm-dd'), 'DL');
insert into customers values ('cust538', 'Michelle Edwards', to_date('1978-07-24', 'yyyy-mm-dd'), 'UA');
insert into customers values ('cust539', 'Michelle Green', to_date('1976-09-27', 'yyyy-mm-dd'), 'SW');
insert into customers values ('cust540', 'Michelle King', to_date('1976-12-15', 'yyyy-mm-dd'), 'DL');
insert into customers values ('cust541', 'Michelle Lewis', to_date('1977-10-06', 'yyyy-mm-dd'), 'NW');
insert into customers values ('cust542', 'Michelle Nelson', to_date('1994-06-28', 'yyyy-mm-dd'), 'NW');
insert into customers values ('cust543', 'Michelle Phillips', to_date('1980-11-10', 'yyyy-mm-dd'), 'CO');
insert into customers values ('cust544', 'Michelle Roberts', to_date('1990-12-12', 'yyyy-mm-dd'), 'DL');
insert into customers values ('cust545', 'Michelle Taylor', to_date('1986-09-09', 'yyyy-mm-dd'), 'UA');
insert into customers values ('cust546', 'Michelle Thomas', to_date('1992-05-18', 'yyyy-mm-dd'), 'CO');
insert into customers values ('cust547', 'Michelle Turner', to_date('1969-01-25', 'yyyy-mm-dd'), 'US');
insert into customers values ('cust548', 'Nancy Baker', to_date('1972-05-28', 'yyyy-mm-dd'), 'SW');
insert into customers values ('cust549', 'Nancy Clark', to_date('1990-01-17', 'yyyy-mm-dd'), 'DL');
insert into customers values ('cust550', 'Nancy Collins', to_date('1986-10-07', 'yyyy-mm-dd'), 'AA');
insert into customers values ('cust551', 'Nancy Davis', to_date('1997-09-23', 'yyyy-mm-dd'), 'SW');
insert into customers values ('cust552', 'Nancy Garcia', to_date('1975-05-05', 'yyyy-mm-dd'), 'US');
insert into customers values ('cust553', 'Nancy Gonzalez', to_date('1989-01-07', 'yyyy-mm-dd'), 'AA');
insert into customers values ('cust554', 'Nancy Hernandez', to_date('1969-08-30', 'yyyy-mm-dd'), 'DL');
insert into customers values ('cust555', 'Nancy Lee', to_date('1972-12-03', 'yyyy-mm-dd'), 'UA');
insert into customers values ('cust556', 'Nancy Moore', to_date('1973-01-26', 'yyyy-mm-dd'), 'CO');
insert into customers values ('cust557', 'Nancy Smith', to_date('1970-09-10', 'yyyy-mm-dd'), 'UA');
insert into customers values ('cust558', 'Nancy Taylor', to_date('1971-07-01', 'yyyy-mm-dd'), 'DL');
insert into customers values ('cust559', 'Nancy White', to_date('1988-10-27', 'yyyy-mm-dd'), 'US');
insert into customers values ('cust560', 'Nancy Williams', to_date('1978-03-27', 'yyyy-mm-dd'), 'SW');
insert into customers values ('cust561', 'Nancy Wilson', to_date('1998-11-20', 'yyyy-mm-dd'), 'CO');
insert into customers values ('cust562', 'Patricia Davis', to_date('1994-07-11', 'yyyy-mm-dd'), 'CO');
insert into customers values ('cust563', 'Patricia Edwards', to_date('1974-07-20', 'yyyy-mm-dd'), 'DL');
insert into customers values ('cust564', 'Patricia Johnson', to_date('1979-08-09', 'yyyy-mm-dd'), 'SW');
insert into customers values ('cust565', 'Patricia Miller', to_date('1971-01-21', 'yyyy-mm-dd'), 'AA');
insert into customers values ('cust566', 'Patricia Parker', to_date('1979-01-27', 'yyyy-mm-dd'), 'US');
insert into customers values ('cust567', 'Patricia Phillips', to_date('1996-01-05', 'yyyy-mm-dd'), 'AA');
insert into customers values ('cust568', 'Patricia Thomas', to_date('1979-09-18', 'yyyy-mm-dd'), 'NW');
insert into customers values ('cust569', 'Patricia Thompson', to_date('1971-07-20', 'yyyy-mm-dd'), 'SW');
insert into customers values ('cust570', 'Patricia Turner', to_date('1970-06-03', 'yyyy-mm-dd'), 'CO');
insert into customers values ('cust571', 'Patricia Walker', to_date('1988-04-09', 'yyyy-mm-dd'), 'NW');
insert into customers values ('cust572', 'Patricia Wilson', to_date('1975-01-24', 'yyyy-mm-dd'), 'UA');
insert into customers values ('cust573', 'Paul Anderson', to_date('1970-10-10', 'yyyy-mm-dd'), 'CO');
insert into customers values ('cust574', 'Paul Campbell', to_date('1972-02-08', 'yyyy-mm-dd'), 'DL');
insert into customers values ('cust575', 'Paul Evans', to_date('1980-01-25', 'yyyy-mm-dd'), 'SW');
insert into customers values ('cust576', 'Paul Green', to_date('1998-01-13', 'yyyy-mm-dd'), 'AA');
insert into customers values ('cust577', 'Paul Hernandez', to_date('1995-06-11', 'yyyy-mm-dd'), 'UA');
insert into customers values ('cust578', 'Paul Hill', to_date('1998-03-16', 'yyyy-mm-dd'), 'US');
insert into customers values ('cust579', 'Paul Jackson', to_date('1990-11-08', 'yyyy-mm-dd'), 'NW');
insert into customers values ('cust580', 'Paul Johnson', to_date('1987-04-18', 'yyyy-mm-dd'), 'DL');
insert into customers values ('cust581', 'Paul Jones', to_date('1984-01-22', 'yyyy-mm-dd'), 'NW');
insert into customers values ('cust582', 'Paul Lee', to_date('1975-04-21', 'yyyy-mm-dd'), 'AA');
insert into customers values ('cust583', 'Paul Miller', to_date('1987-05-24', 'yyyy-mm-dd'), 'NW');
insert into customers values ('cust584', 'Paul Parker', to_date('1980-08-11', 'yyyy-mm-dd'), 'UA');
insert into customers values ('cust585', 'Paul Phillips', to_date('1988-03-16', 'yyyy-mm-dd'), 'UA');
insert into customers values ('cust586', 'Paul Smith', to_date('1991-09-15', 'yyyy-mm-dd'), 'AA');
insert into customers values ('cust587', 'Paul Wright', to_date('1994-08-17', 'yyyy-mm-dd'), 'UA');
insert into customers values ('cust588', 'Richard Davis', to_date('1992-02-17', 'yyyy-mm-dd'), 'DL');
insert into customers values ('cust589', 'Richard Garcia', to_date('1978-09-28', 'yyyy-mm-dd'), 'NW');
insert into customers values ('cust590', 'Richard Gonzalez', to_date('1989-12-13', 'yyyy-mm-dd'), 'DL');
insert into customers values ('cust591', 'Richard Hill', to_date('1983-05-27', 'yyyy-mm-dd'), 'DL');
insert into customers values ('cust592', 'Richard Lee', to_date('1993-01-10', 'yyyy-mm-dd'), 'UA');
insert into customers values ('cust593', 'Richard Lewis', to_date('1992-05-23', 'yyyy-mm-dd'), 'CO');
insert into customers values ('cust594', 'Richard Miller', to_date('1984-10-26', 'yyyy-mm-dd'), 'US');
insert into customers values ('cust595', 'Richard Mitchell', to_date('1974-07-28', 'yyyy-mm-dd'), 'NW');
insert into customers values ('cust596', 'Richard Parker', to_date('1972-04-04', 'yyyy-mm-dd'), 'SW');
insert into customers values ('cust597', 'Richard Perez', to_date('1982-10-21', 'yyyy-mm-dd'), 'US');
insert into customers values ('cust598', 'Richard Scott', to_date('1977-11-01', 'yyyy-mm-dd'), 'DL');
insert into customers values ('cust599', 'Robert Anderson', to_date('1996-12-27', 'yyyy-mm-dd'), 'UA');
insert into customers values ('cust600', 'Robert Baker', to_date('1971-08-08', 'yyyy-mm-dd'), 'SW');
insert into customers values ('cust601', 'Robert Campbell', to_date('1976-08-23', 'yyyy-mm-dd'), 'AA');
insert into customers values ('cust602', 'Robert Carter', to_date('1975-11-28', 'yyyy-mm-dd'), 'SW');
insert into customers values ('cust603', 'Robert Edwards', to_date('1994-02-28', 'yyyy-mm-dd'), 'CO');
insert into customers values ('cust604', 'Robert Evans', to_date('1996-10-20', 'yyyy-mm-dd'), 'CO');
insert into customers values ('cust605', 'Robert Gonzalez', to_date('1973-09-09', 'yyyy-mm-dd'), 'NW');
insert into customers values ('cust606', 'Robert Green', to_date('1989-08-08', 'yyyy-mm-dd'), 'US');
insert into customers values ('cust607', 'Robert Hall', to_date('1991-08-18', 'yyyy-mm-dd'), 'SW');
insert into customers values ('cust608', 'Robert Hernandez', to_date('1983-11-02', 'yyyy-mm-dd'), 'NW');
insert into customers values ('cust609', 'Robert King', to_date('1996-09-27', 'yyyy-mm-dd'), 'NW');
insert into customers values ('cust610', 'Robert Martinez', to_date('1984-01-21', 'yyyy-mm-dd'), 'NW');
insert into customers values ('cust611', 'Robert Perez', to_date('1975-04-15', 'yyyy-mm-dd'), 'SW');
insert into customers values ('cust612', 'Robert Roberts', to_date('1976-11-13', 'yyyy-mm-dd'), 'NW');
insert into customers values ('cust613', 'Robert Scott', to_date('1985-01-15', 'yyyy-mm-dd'), 'NW');
insert into customers values ('cust614', 'Robert Thompson', to_date('1972-10-05', 'yyyy-mm-dd'), 'DL');
insert into customers values ('cust615', 'Robert Williams', to_date('1987-08-02', 'yyyy-mm-dd'), 'US');
insert into customers values ('cust616', 'Robert Wright', to_date('1992-06-19', 'yyyy-mm-dd'), 'US');
insert into customers values ('cust617', 'Ronald Adams', to_date('1982-01-06', 'yyyy-mm-dd'), 'NW');
insert into customers values ('cust618', 'Ronald Baker', to_date('1972-05-24', 'yyyy-mm-dd'), 'NW');
insert into customers values ('cust619', 'Ronald Clark', to_date('1996-09-12', 'yyyy-mm-dd'), 'CO');
insert into customers values ('cust620', 'Ronald Garcia', to_date('1981-06-13', 'yyyy-mm-dd'), 'UA');
insert into customers values ('cust621', 'Ronald Green', to_date('1996-04-06', 'yyyy-mm-dd'), 'CO');
insert into customers values ('cust622', 'Ronald Johnson', to_date('1993-12-18', 'yyyy-mm-dd'), 'SW');
insert into customers values ('cust623', 'Ronald Martinez', to_date('1970-09-18', 'yyyy-mm-dd'), 'UA');
insert into customers values ('cust624', 'Ronald Miller', to_date('1977-06-26', 'yyyy-mm-dd'), 'US');
insert into customers values ('cust625', 'Ronald Moore', to_date('1971-08-05', 'yyyy-mm-dd'), 'CO');
insert into customers values ('cust626', 'Ronald Perez', to_date('1983-04-16', 'yyyy-mm-dd'), 'NW');
insert into customers values ('cust627', 'Ronald Rodriguez', to_date('1996-09-22', 'yyyy-mm-dd'), 'NW');
insert into customers values ('cust628', 'Ronald Smith', to_date('1989-06-14', 'yyyy-mm-dd'), 'UA');
insert into customers values ('cust629', 'Ronald Thomas', to_date('1979-07-19', 'yyyy-mm-dd'), 'NW');
insert into customers values ('cust630', 'Ronald Walker', to_date('1991-01-17', 'yyyy-mm-dd'), 'CO');
insert into customers values ('cust631', 'Ronald Wilson', to_date('1992-06-13', 'yyyy-mm-dd'), 'SW');
insert into customers values ('cust632', 'Ronald Young', to_date('1981-06-19', 'yyyy-mm-dd'), 'NW');
insert into customers values ('cust633', 'Ruth Adams', to_date('1975-12-20', 'yyyy-mm-dd'), 'DL');
insert into customers values ('cust634', 'Ruth Allen', to_date('1990-09-10', 'yyyy-mm-dd'), 'SW');
insert into customers values ('cust635', 'Ruth Anderson', to_date('1974-07-10', 'yyyy-mm-dd'), 'UA');
insert into customers values ('cust636', 'Ruth Baker', to_date('1992-03-30', 'yyyy-mm-dd'), 'UA');
insert into customers values ('cust637', 'Ruth Davis', to_date('1969-07-06', 'yyyy-mm-dd'), 'CO');
insert into customers values ('cust638', 'Ruth Garcia', to_date('1969-04-16', 'yyyy-mm-dd'), 'US');
insert into customers values ('cust639', 'Ruth Hall', to_date('1996-05-14', 'yyyy-mm-dd'), 'DL');
insert into customers values ('cust640', 'Ruth Jackson', to_date('1973-04-10', 'yyyy-mm-dd'), 'UA');
insert into customers values ('cust641', 'Ruth Martin', to_date('1988-08-25', 'yyyy-mm-dd'), 'SW');
insert into customers values ('cust642', 'Ruth Moore', to_date('1994-05-08', 'yyyy-mm-dd'), 'NW');
insert into customers values ('cust643', 'Ruth Parker', to_date('1985-04-23', 'yyyy-mm-dd'), 'US');
insert into customers values ('cust644', 'Ruth Rodriguez', to_date('1982-01-03', 'yyyy-mm-dd'), 'SW');
insert into customers values ('cust645', 'Ruth Smith', to_date('1990-07-28', 'yyyy-mm-dd'), 'UA');
insert into customers values ('cust646', 'Ruth Taylor', to_date('1997-04-21', 'yyyy-mm-dd'), 'DL');
insert into customers values ('cust647', 'Ruth Thomas', to_date('1985-11-12', 'yyyy-mm-dd'), 'SW');
insert into customers values ('cust648', 'Ruth Thompson', to_date('1994-10-19', 'yyyy-mm-dd'), 'CO');
insert into customers values ('cust649', 'Ruth Wright', to_date('1982-11-20', 'yyyy-mm-dd'), 'SW');
insert into customers values ('cust650', 'Sandra Adams', to_date('1981-01-24', 'yyyy-mm-dd'), 'DL');
insert into customers values ('cust651', 'Sandra Allen', to_date('1974-08-10', 'yyyy-mm-dd'), 'UA');
insert into customers values ('cust652', 'Sandra Brown', to_date('1990-10-17', 'yyyy-mm-dd'), 'NW');
insert into customers values ('cust653', 'Sandra Campbell', to_date('1976-11-30', 'yyyy-mm-dd'), 'DL');
insert into customers values ('cust654', 'Sandra Clark', to_date('1987-07-16', 'yyyy-mm-dd'), 'NW');
insert into customers values ('cust655', 'Sandra Collins', to_date('1978-05-22', 'yyyy-mm-dd'), 'DL');
insert into customers values ('cust656', 'Sandra Hill', to_date('1976-03-04', 'yyyy-mm-dd'), 'DL');
insert into customers values ('cust657', 'Sandra Johnson', to_date('1998-06-25', 'yyyy-mm-dd'), 'SW');
insert into customers values ('cust658', 'Sandra Moore', to_date('1977-11-29', 'yyyy-mm-dd'), 'AA');
insert into customers values ('cust659', 'Sandra Perez', to_date('1976-02-03', 'yyyy-mm-dd'), 'NW');
insert into customers values ('cust660', 'Sandra Scott', to_date('1985-06-08', 'yyyy-mm-dd'), 'DL');
insert into customers values ('cust661', 'Sandra Wilson', to_date('1969-11-25', 'yyyy-mm-dd'), 'DL');
insert into customers values ('cust662', 'Sarah Anderson', to_date('1995-12-09', 'yyyy-mm-dd'), 'CO');
insert into customers values ('cust663', 'Sarah Brown', to_date('1970-12-20', 'yyyy-mm-dd'), 'DL');
insert into customers values ('cust664', 'Sarah Edwards', to_date('1983-12-03', 'yyyy-mm-dd'), 'NW');
insert into customers values ('cust665', 'Sarah Hall', to_date('1973-11-10', 'yyyy-mm-dd'), 'CO');
insert into customers values ('cust666', 'Sarah Jackson', to_date('1972-07-05', 'yyyy-mm-dd'), 'DL');
insert into customers values ('cust667', 'Sarah Lopez', to_date('1998-07-01', 'yyyy-mm-dd'), 'UA');
insert into customers values ('cust668', 'Sarah Mitchell', to_date('1993-01-13', 'yyyy-mm-dd'), 'CO');
insert into customers values ('cust669', 'Sarah Turner', to_date('1978-05-01', 'yyyy-mm-dd'), 'AA');
insert into customers values ('cust670', 'Sarah Walker', to_date('1976-06-23', 'yyyy-mm-dd'), 'DL');
insert into customers values ('cust671', 'Sharon Campbell', to_date('1992-02-14', 'yyyy-mm-dd'), 'SW');
insert into customers values ('cust672', 'Sharon Evans', to_date('1987-09-14', 'yyyy-mm-dd'), 'UA');
insert into customers values ('cust673', 'Sharon Garcia', to_date('1998-01-05', 'yyyy-mm-dd'), 'UA');
insert into customers values ('cust674', 'Sharon Hill', to_date('1985-03-19', 'yyyy-mm-dd'), 'AA');
insert into customers values ('cust675', 'Sharon Jackson', to_date('1976-05-22', 'yyyy-mm-dd'), 'US');
insert into customers values ('cust676', 'Sharon Lee', to_date('1992-05-11', 'yyyy-mm-dd'), 'NW');
insert into customers values ('cust677', 'Sharon Lewis', to_date('1996-03-13', 'yyyy-mm-dd'), 'SW');
insert into customers values ('cust678', 'Sharon Lopez', to_date('1994-11-06', 'yyyy-mm-dd'), 'DL');
insert into customers values ('cust679', 'Sharon Martinez', to_date('1985-03-05', 'yyyy-mm-dd'), 'CO');
insert into customers values ('cust680', 'Sharon Moore', to_date('1970-01-15', 'yyyy-mm-dd'), 'AA');
insert into customers values ('cust681', 'Sharon Perez', to_date('1977-12-05', 'yyyy-mm-dd'), 'SW');
insert into customers values ('cust682', 'Sharon Taylor', to_date('1978-05-20', 'yyyy-mm-dd'), 'CO');
insert into customers values ('cust683', 'Sharon Thomas', to_date('1979-08-07', 'yyyy-mm-dd'), 'AA');
insert into customers values ('cust684', 'Sharon Walker', to_date('1975-11-02', 'yyyy-mm-dd'), 'UA');
insert into customers values ('cust685', 'Sharon Young', to_date('1983-02-07', 'yyyy-mm-dd'), 'CO');
insert into customers values ('cust686', 'Steven Brown', to_date('1986-12-20', 'yyyy-mm-dd'), 'NW');
insert into customers values ('cust687', 'Steven Evans', to_date('1987-10-26', 'yyyy-mm-dd'), 'SW');
insert into customers values ('cust688', 'Steven Green', to_date('1974-05-08', 'yyyy-mm-dd'), 'US');
insert into customers values ('cust689', 'Steven Harris', to_date('1995-08-31', 'yyyy-mm-dd'), 'UA');
insert into customers values ('cust690', 'Steven Lee', to_date('1977-07-07', 'yyyy-mm-dd'), 'SW');
insert into customers values ('cust691', 'Steven Lewis', to_date('1976-10-28', 'yyyy-mm-dd'), 'CO');
insert into customers values ('cust692', 'Steven Martin', to_date('1987-05-14', 'yyyy-mm-dd'), 'CO');
insert into customers values ('cust693', 'Steven Mitchell', to_date('1972-03-10', 'yyyy-mm-dd'), 'DL');
insert into customers values ('cust694', 'Steven Parker', to_date('1976-08-31', 'yyyy-mm-dd'), 'SW');
insert into customers values ('cust695', 'Steven Roberts', to_date('1993-03-05', 'yyyy-mm-dd'), 'UA');
insert into customers values ('cust696', 'Steven Rodriguez', to_date('1986-04-25', 'yyyy-mm-dd'), 'SW');
insert into customers values ('cust697', 'Steven Scott', to_date('1991-01-10', 'yyyy-mm-dd'), 'US');
insert into customers values ('cust698', 'Steven Williams', to_date('1969-07-04', 'yyyy-mm-dd'), 'UA');
insert into customers values ('cust699', 'Susan Allen', to_date('1977-11-13', 'yyyy-mm-dd'), 'NW');
insert into customers values ('cust700', 'Susan Brown', to_date('1970-12-05', 'yyyy-mm-dd'), 'US');
insert into customers values ('cust701', 'Susan Campbell', to_date('1990-10-29', 'yyyy-mm-dd'), 'DL');
insert into customers values ('cust702', 'Susan Clark', to_date('1988-01-20', 'yyyy-mm-dd'), 'SW');
insert into customers values ('cust703', 'Susan Evans', to_date('1987-03-07', 'yyyy-mm-dd'), 'SW');
insert into customers values ('cust704', 'Susan Garcia', to_date('1993-05-18', 'yyyy-mm-dd'), 'CO');
insert into customers values ('cust705', 'Susan Hall', to_date('1983-12-19', 'yyyy-mm-dd'), 'SW');
insert into customers values ('cust706', 'Susan Miller', to_date('1982-10-21', 'yyyy-mm-dd'), 'NW');
insert into customers values ('cust707', 'Susan Moore', to_date('1969-11-05', 'yyyy-mm-dd'), 'UA');
insert into customers values ('cust708', 'Susan Williams', to_date('1984-09-30', 'yyyy-mm-dd'), 'NW');
insert into customers values ('cust709', 'Thomas Allen', to_date('1988-11-25', 'yyyy-mm-dd'), 'NW');
insert into customers values ('cust710', 'Thomas Anderson', to_date('1997-05-19', 'yyyy-mm-dd'), 'UA');
insert into customers values ('cust711', 'Thomas Brown', to_date('1997-04-08', 'yyyy-mm-dd'), 'US');
insert into customers values ('cust712', 'Thomas Collins', to_date('1997-07-13', 'yyyy-mm-dd'), 'DL');
insert into customers values ('cust713', 'Thomas Garcia', to_date('1982-04-29', 'yyyy-mm-dd'), 'CO');
insert into customers values ('cust714', 'Thomas Jones', to_date('1974-08-31', 'yyyy-mm-dd'), 'DL');
insert into customers values ('cust715', 'Thomas King', to_date('1992-03-18', 'yyyy-mm-dd'), 'CO');
insert into customers values ('cust716', 'Thomas Lee', to_date('1986-06-21', 'yyyy-mm-dd'), 'DL');
insert into customers values ('cust717', 'Thomas Martin', to_date('1969-08-06', 'yyyy-mm-dd'), 'US');
insert into customers values ('cust718', 'Thomas Martinez', to_date('1969-04-28', 'yyyy-mm-dd'), 'SW');
insert into customers values ('cust719', 'Thomas Mitchell', to_date('1987-07-31', 'yyyy-mm-dd'), 'NW');
insert into customers values ('cust720', 'Thomas Nelson', to_date('1996-05-01', 'yyyy-mm-dd'), 'CO');
insert into customers values ('cust721', 'Thomas Phillips', to_date('1979-08-23', 'yyyy-mm-dd'), 'NW');
insert into customers values ('cust722', 'Thomas Robinson', to_date('1990-03-20', 'yyyy-mm-dd'), 'AA');
insert into customers values ('cust723', 'Thomas Smith', to_date('1975-10-05', 'yyyy-mm-dd'), 'UA');
insert into customers values ('cust724', 'Thomas Thomas', to_date('1983-10-21', 'yyyy-mm-dd'), 'NW');
insert into customers values ('cust725', 'Thomas Williams', to_date('1977-11-17', 'yyyy-mm-dd'), 'AA');
insert into customers values ('cust726', 'Thomas Young', to_date('1992-09-05', 'yyyy-mm-dd'), 'CO');
insert into customers values ('cust727', 'William Harris', to_date('1975-05-04', 'yyyy-mm-dd'), 'SW');
insert into customers values ('cust728', 'William Hill', to_date('1977-03-13', 'yyyy-mm-dd'), 'US');
insert into customers values ('cust729', 'William Jackson', to_date('1998-01-09', 'yyyy-mm-dd'), 'US');
insert into customers values ('cust730', 'William Johnson', to_date('1978-10-05', 'yyyy-mm-dd'), 'CO');
insert into customers values ('cust731', 'William Lee', to_date('1990-04-10', 'yyyy-mm-dd'), 'UA');
insert into customers values ('cust732', 'William Lopez', to_date('1996-02-02', 'yyyy-mm-dd'), 'UA');
insert into customers values ('cust733', 'William Martinez', to_date('1991-08-31', 'yyyy-mm-dd'), 'US');
insert into customers values ('cust734', 'William Mitchell', to_date('1990-11-11', 'yyyy-mm-dd'), 'DL');
insert into customers values ('cust735', 'William Moore', to_date('1993-09-23', 'yyyy-mm-dd'), 'DL');
insert into customers values ('cust736', 'William Parker', to_date('1969-11-07', 'yyyy-mm-dd'), 'NW');
insert into customers values ('cust737', 'William Roberts', to_date('1981-04-04', 'yyyy-mm-dd'), 'US');
insert into customers values ('cust738', 'William Robinson', to_date('1971-10-27', 'yyyy-mm-dd'), 'DL');
insert into customers values ('cust739', 'William Rodriguez', to_date('1986-04-27', 'yyyy-mm-dd'), 'AA');
insert into customers values ('cust740', 'William Wright', to_date('1991-07-29', 'yyyy-mm-dd'), 'DL');
insert into customers values ('cust741', 'William Young', to_date('1970-07-01', 'yyyy-mm-dd'), 'AA');
insert into flights values ('AA101', 'DFW', 'OAK', 'AA', to_date('1970-01-01 06:31:31', 'YYYY-MM-DD HH24:MI:SS'), to_date('1970-01-01 09:50:23', 'YYYY-MM-DD HH24:MI:SS'));
insert into flights values ('AA300', 'OAK', 'DFW', 'AA', to_date('1970-01-01 11:50:23', 'YYYY-MM-DD HH24:MI:SS'), to_date('1970-01-01 15:09:16', 'YYYY-MM-DD HH24:MI:SS'));
insert into flights values ('UA102', 'ORD', 'CLT', 'UA', to_date('1970-01-01 03:44:34', 'YYYY-MM-DD HH24:MI:SS'), to_date('1970-01-01 05:11:55', 'YYYY-MM-DD HH24:MI:SS'));
insert into flights values ('UA299', 'CLT', 'ORD', 'UA', to_date('1970-01-01 07:11:55', 'YYYY-MM-DD HH24:MI:SS'), to_date('1970-01-01 08:39:16', 'YYYY-MM-DD HH24:MI:SS'));
insert into flights values ('SW103', 'OAK', 'DFW', 'SW', to_date('1970-01-01 02:37:53', 'YYYY-MM-DD HH24:MI:SS'), to_date('1970-01-01 05:24:49', 'YYYY-MM-DD HH24:MI:SS'));
insert into flights values ('SW298', 'DFW', 'OAK', 'SW', to_date('1970-01-01 07:24:49', 'YYYY-MM-DD HH24:MI:SS'), to_date('1970-01-01 10:11:45', 'YYYY-MM-DD HH24:MI:SS'));
insert into flights values ('DL104', 'ATL', 'PDX', 'DL', to_date('1970-01-01 11:08:39', 'YYYY-MM-DD HH24:MI:SS'), to_date('1970-01-01 12:39:43', 'YYYY-MM-DD HH24:MI:SS'));
insert into flights values ('DL297', 'PDX', 'ATL', 'DL', to_date('1970-01-01 14:39:43', 'YYYY-MM-DD HH24:MI:SS'), to_date('1970-01-01 16:10:47', 'YYYY-MM-DD HH24:MI:SS'));
insert into flights values ('US105', 'PHX', 'LAS', 'US', to_date('1970-01-01 08:34:22', 'YYYY-MM-DD HH24:MI:SS'), to_date('1970-01-01 09:51:49', 'YYYY-MM-DD HH24:MI:SS'));
insert into flights values ('US296', 'LAS', 'PHX', 'US', to_date('1970-01-01 11:51:49', 'YYYY-MM-DD HH24:MI:SS'), to_date('1970-01-01 13:09:17', 'YYYY-MM-DD HH24:MI:SS'));
insert into flights values ('AA106', 'DFW', 'SJU', 'AA', to_date('1970-01-01 09:39:27', 'YYYY-MM-DD HH24:MI:SS'), to_date('1970-01-01 13:09:21', 'YYYY-MM-DD HH24:MI:SS'));
insert into flights values ('AA295', 'SJU', 'DFW', 'AA', to_date('1970-01-01 15:09:21', 'YYYY-MM-DD HH24:MI:SS'), to_date('1970-01-01 18:39:15', 'YYYY-MM-DD HH24:MI:SS'));
insert into flights values ('SW107', 'OAK', 'DCA', 'SW', to_date('1970-01-01 10:52:43', 'YYYY-MM-DD HH24:MI:SS'), to_date('1970-01-01 13:14:21', 'YYYY-MM-DD HH24:MI:SS'));
insert into flights values ('SW294', 'DCA', 'OAK', 'SW', to_date('1970-01-01 15:14:21', 'YYYY-MM-DD HH24:MI:SS'), to_date('1970-01-01 17:35:59', 'YYYY-MM-DD HH24:MI:SS'));
insert into flights values ('AA108', 'JFK', 'ATL', 'AA', to_date('1970-01-01 07:01:31', 'YYYY-MM-DD HH24:MI:SS'), to_date('1970-01-01 09:35:53', 'YYYY-MM-DD HH24:MI:SS'));
insert into flights values ('AA293', 'ATL', 'JFK', 'AA', to_date('1970-01-01 11:35:53', 'YYYY-MM-DD HH24:MI:SS'), to_date('1970-01-01 14:10:15', 'YYYY-MM-DD HH24:MI:SS'));
insert into flights values ('SW109', 'OAK', 'BOS', 'SW', to_date('1970-01-01 02:42:05', 'YYYY-MM-DD HH24:MI:SS'), to_date('1970-01-01 03:53:25', 'YYYY-MM-DD HH24:MI:SS'));
insert into flights values ('SW292', 'BOS', 'OAK', 'SW', to_date('1970-01-01 05:53:25', 'YYYY-MM-DD HH24:MI:SS'), to_date('1970-01-01 07:04:44', 'YYYY-MM-DD HH24:MI:SS'));
insert into flights values ('AA110', 'DTW', 'MEM', 'AA', to_date('1970-01-01 08:55:50', 'YYYY-MM-DD HH24:MI:SS'), to_date('1970-01-01 10:41:46', 'YYYY-MM-DD HH24:MI:SS'));
insert into flights values ('AA291', 'MEM', 'DTW', 'AA', to_date('1970-01-01 12:41:46', 'YYYY-MM-DD HH24:MI:SS'), to_date('1970-01-01 14:27:43', 'YYYY-MM-DD HH24:MI:SS'));
insert into flights values ('SW111', 'OAK', 'MCI', 'SW', to_date('1970-01-01 02:09:25', 'YYYY-MM-DD HH24:MI:SS'), to_date('1970-01-01 05:38:48', 'YYYY-MM-DD HH24:MI:SS'));
insert into flights values ('SW290', 'MCI', 'OAK', 'SW', to_date('1970-01-01 07:38:48', 'YYYY-MM-DD HH24:MI:SS'), to_date('1970-01-01 11:08:11', 'YYYY-MM-DD HH24:MI:SS'));
insert into flights values ('SW112', 'OAK', 'DFW', 'SW', to_date('1970-01-01 08:07:47', 'YYYY-MM-DD HH24:MI:SS'), to_date('1970-01-01 10:35:21', 'YYYY-MM-DD HH24:MI:SS'));
insert into flights values ('SW289', 'DFW', 'OAK', 'SW', to_date('1970-01-01 12:35:21', 'YYYY-MM-DD HH24:MI:SS'), to_date('1970-01-01 15:02:56', 'YYYY-MM-DD HH24:MI:SS'));
insert into flights values ('AA113', 'EWR', 'SEA', 'AA', to_date('1970-01-01 09:03:06', 'YYYY-MM-DD HH24:MI:SS'), to_date('1970-01-01 10:04:24', 'YYYY-MM-DD HH24:MI:SS'));
insert into flights values ('AA288', 'SEA', 'EWR', 'AA', to_date('1970-01-01 12:04:24', 'YYYY-MM-DD HH24:MI:SS'), to_date('1970-01-01 13:05:42', 'YYYY-MM-DD HH24:MI:SS'));
insert into flights values ('AA114', 'SJC', 'SMF', 'AA', to_date('1970-01-01 02:11:27', 'YYYY-MM-DD HH24:MI:SS'), to_date('1970-01-01 06:05:31', 'YYYY-MM-DD HH24:MI:SS'));
insert into flights values ('AA287', 'SMF', 'SJC', 'AA', to_date('1970-01-01 08:05:31', 'YYYY-MM-DD HH24:MI:SS'), to_date('1970-01-01 11:59:36', 'YYYY-MM-DD HH24:MI:SS'));
insert into flights values ('UA115', 'ORD', 'LAX', 'UA', to_date('1970-01-01 05:21:05', 'YYYY-MM-DD HH24:MI:SS'), to_date('1970-01-01 08:53:26', 'YYYY-MM-DD HH24:MI:SS'));
insert into flights values ('UA286', 'LAX', 'ORD', 'UA', to_date('1970-01-01 10:53:26', 'YYYY-MM-DD HH24:MI:SS'), to_date('1970-01-01 14:25:46', 'YYYY-MM-DD HH24:MI:SS'));
insert into flights values ('CO116', 'EWR', 'TPA', 'CO', to_date('1970-01-01 11:56:55', 'YYYY-MM-DD HH24:MI:SS'), to_date('1970-01-01 15:23:32', 'YYYY-MM-DD HH24:MI:SS'));
insert into flights values ('CO285', 'TPA', 'EWR', 'CO', to_date('1970-01-01 17:23:32', 'YYYY-MM-DD HH24:MI:SS'), to_date('1970-01-01 20:50:08', 'YYYY-MM-DD HH24:MI:SS'));
insert into flights values ('SW117', 'OAK', 'LGA', 'SW', to_date('1970-01-01 11:46:48', 'YYYY-MM-DD HH24:MI:SS'), to_date('1970-01-01 14:20:24', 'YYYY-MM-DD HH24:MI:SS'));
insert into flights values ('SW284', 'LGA', 'OAK', 'SW', to_date('1970-01-01 16:20:24', 'YYYY-MM-DD HH24:MI:SS'), to_date('1970-01-01 18:54:01', 'YYYY-MM-DD HH24:MI:SS'));
insert into flights values ('UA118', 'ORD', 'IAD', 'UA', to_date('1970-01-01 05:12:23', 'YYYY-MM-DD HH24:MI:SS'), to_date('1970-01-01 06:53:32', 'YYYY-MM-DD HH24:MI:SS'));
insert into flights values ('UA283', 'IAD', 'ORD', 'UA', to_date('1970-01-01 08:53:32', 'YYYY-MM-DD HH24:MI:SS'), to_date('1970-01-01 10:34:41', 'YYYY-MM-DD HH24:MI:SS'));
insert into flights values ('SW119', 'CLT', 'LAX', 'SW', to_date('1970-01-01 05:25:58', 'YYYY-MM-DD HH24:MI:SS'), to_date('1970-01-01 06:47:18', 'YYYY-MM-DD HH24:MI:SS'));
insert into flights values ('SW282', 'LAX', 'CLT', 'SW', to_date('1970-01-01 08:47:18', 'YYYY-MM-DD HH24:MI:SS'), to_date('1970-01-01 10:08:38', 'YYYY-MM-DD HH24:MI:SS'));
insert into flights values ('DL120', 'JFK', 'CLE', 'DL', to_date('1970-01-01 11:26:20', 'YYYY-MM-DD HH24:MI:SS'), to_date('1970-01-01 13:42:48', 'YYYY-MM-DD HH24:MI:SS'));
insert into flights values ('DL281', 'CLE', 'JFK', 'DL', to_date('1970-01-01 15:42:48', 'YYYY-MM-DD HH24:MI:SS'), to_date('1970-01-01 17:59:15', 'YYYY-MM-DD HH24:MI:SS'));
insert into flights values ('DL121', 'ATL', 'PHX', 'DL', to_date('1970-01-01 10:07:09', 'YYYY-MM-DD HH24:MI:SS'), to_date('1970-01-01 11:58:52', 'YYYY-MM-DD HH24:MI:SS'));
insert into flights values ('DL280', 'PHX', 'ATL', 'DL', to_date('1970-01-01 13:58:52', 'YYYY-MM-DD HH24:MI:SS'), to_date('1970-01-01 15:50:35', 'YYYY-MM-DD HH24:MI:SS'));
insert into flights values ('AA122', 'DFW', 'CLT', 'AA', to_date('1970-01-01 04:29:45', 'YYYY-MM-DD HH24:MI:SS'), to_date('1970-01-01 06:30:47', 'YYYY-MM-DD HH24:MI:SS'));
insert into flights values ('AA279', 'CLT', 'DFW', 'AA', to_date('1970-01-01 08:30:47', 'YYYY-MM-DD HH24:MI:SS'), to_date('1970-01-01 10:31:49', 'YYYY-MM-DD HH24:MI:SS'));
insert into flights values ('UA123', 'ORD', 'SAN', 'UA', to_date('1970-01-01 00:47:59', 'YYYY-MM-DD HH24:MI:SS'), to_date('1970-01-01 02:30:28', 'YYYY-MM-DD HH24:MI:SS'));
insert into flights values ('UA278', 'SAN', 'ORD', 'UA', to_date('1970-01-01 04:30:28', 'YYYY-MM-DD HH24:MI:SS'), to_date('1970-01-01 06:12:57', 'YYYY-MM-DD HH24:MI:SS'));
insert into flights values ('NW124', 'MSP', 'ORD', 'NW', to_date('1970-01-01 11:09:55', 'YYYY-MM-DD HH24:MI:SS'), to_date('1970-01-01 14:51:05', 'YYYY-MM-DD HH24:MI:SS'));
insert into flights values ('NW277', 'ORD', 'MSP', 'NW', to_date('1970-01-01 16:51:05', 'YYYY-MM-DD HH24:MI:SS'), to_date('1970-01-01 20:32:14', 'YYYY-MM-DD HH24:MI:SS'));
insert into flights values ('SW125', 'LAS', 'MDW', 'SW', to_date('1970-01-01 05:22:19', 'YYYY-MM-DD HH24:MI:SS'), to_date('1970-01-01 07:25:36', 'YYYY-MM-DD HH24:MI:SS'));
insert into flights values ('SW276', 'MDW', 'LAS', 'SW', to_date('1970-01-01 09:25:36', 'YYYY-MM-DD HH24:MI:SS'), to_date('1970-01-01 11:28:52', 'YYYY-MM-DD HH24:MI:SS'));
insert into flights values ('SW126', 'DCA', 'PHL', 'SW', to_date('1970-01-01 09:37:03', 'YYYY-MM-DD HH24:MI:SS'), to_date('1970-01-01 11:02:14', 'YYYY-MM-DD HH24:MI:SS'));
insert into flights values ('SW275', 'PHL', 'DCA', 'SW', to_date('1970-01-01 13:02:14', 'YYYY-MM-DD HH24:MI:SS'), to_date('1970-01-01 14:27:25', 'YYYY-MM-DD HH24:MI:SS'));
insert into flights values ('SW127', 'OAK', 'IAD', 'SW', to_date('1970-01-01 00:42:00', 'YYYY-MM-DD HH24:MI:SS'), to_date('1970-01-01 02:14:57', 'YYYY-MM-DD HH24:MI:SS'));
insert into flights values ('SW274', 'IAD', 'OAK', 'SW', to_date('1970-01-01 04:14:57', 'YYYY-MM-DD HH24:MI:SS'), to_date('1970-01-01 05:47:53', 'YYYY-MM-DD HH24:MI:SS'));
insert into flights values ('SW128', 'OAK', 'SMF', 'SW', to_date('1970-01-01 10:08:32', 'YYYY-MM-DD HH24:MI:SS'), to_date('1970-01-01 11:53:29', 'YYYY-MM-DD HH24:MI:SS'));
insert into flights values ('SW273', 'SMF', 'OAK', 'SW', to_date('1970-01-01 13:53:29', 'YYYY-MM-DD HH24:MI:SS'), to_date('1970-01-01 15:38:26', 'YYYY-MM-DD HH24:MI:SS'));
insert into flights values ('AA129', 'DFW', 'ATL', 'AA', to_date('1970-01-01 08:47:52', 'YYYY-MM-DD HH24:MI:SS'), to_date('1970-01-01 12:23:35', 'YYYY-MM-DD HH24:MI:SS'));
insert into flights values ('AA272', 'ATL', 'DFW', 'AA', to_date('1970-01-01 14:23:35', 'YYYY-MM-DD HH24:MI:SS'), to_date('1970-01-01 17:59:18', 'YYYY-MM-DD HH24:MI:SS'));
insert into flights values ('SW130', 'DCA', 'LAS', 'SW', to_date('1970-01-01 07:43:56', 'YYYY-MM-DD HH24:MI:SS'), to_date('1970-01-01 10:45:42', 'YYYY-MM-DD HH24:MI:SS'));
insert into flights values ('SW271', 'LAS', 'DCA', 'SW', to_date('1970-01-01 12:45:42', 'YYYY-MM-DD HH24:MI:SS'), to_date('1970-01-01 15:47:29', 'YYYY-MM-DD HH24:MI:SS'));
insert into flights values ('SW131', 'BOS', 'MSP', 'SW', to_date('1970-01-01 10:43:35', 'YYYY-MM-DD HH24:MI:SS'), to_date('1970-01-01 13:57:13', 'YYYY-MM-DD HH24:MI:SS'));
insert into flights values ('SW270', 'MSP', 'BOS', 'SW', to_date('1970-01-01 15:57:13', 'YYYY-MM-DD HH24:MI:SS'), to_date('1970-01-01 19:10:51', 'YYYY-MM-DD HH24:MI:SS'));
insert into flights values ('SW132', 'OAK', 'DEN', 'SW', to_date('1970-01-01 01:07:29', 'YYYY-MM-DD HH24:MI:SS'), to_date('1970-01-01 02:58:07', 'YYYY-MM-DD HH24:MI:SS'));
insert into flights values ('SW269', 'DEN', 'OAK', 'SW', to_date('1970-01-01 04:58:07', 'YYYY-MM-DD HH24:MI:SS'), to_date('1970-01-01 06:48:44', 'YYYY-MM-DD HH24:MI:SS'));
insert into flights values ('NW133', 'MSP', 'BWI', 'NW', to_date('1970-01-01 09:15:13', 'YYYY-MM-DD HH24:MI:SS'), to_date('1970-01-01 12:39:00', 'YYYY-MM-DD HH24:MI:SS'));
insert into flights values ('NW268', 'BWI', 'MSP', 'NW', to_date('1970-01-01 14:39:00', 'YYYY-MM-DD HH24:MI:SS'), to_date('1970-01-01 18:02:47', 'YYYY-MM-DD HH24:MI:SS'));
insert into flights values ('SW134', 'SAN', 'PDX', 'SW', to_date('1970-01-01 08:55:23', 'YYYY-MM-DD HH24:MI:SS'), to_date('1970-01-01 11:37:22', 'YYYY-MM-DD HH24:MI:SS'));
insert into flights values ('SW267', 'PDX', 'SAN', 'SW', to_date('1970-01-01 13:37:22', 'YYYY-MM-DD HH24:MI:SS'), to_date('1970-01-01 16:19:20', 'YYYY-MM-DD HH24:MI:SS'));
insert into flights values ('US135', 'PHX', 'CVG', 'US', to_date('1970-01-01 04:05:41', 'YYYY-MM-DD HH24:MI:SS'), to_date('1970-01-01 05:40:07', 'YYYY-MM-DD HH24:MI:SS'));
insert into flights values ('US266', 'CVG', 'PHX', 'US', to_date('1970-01-01 07:40:07', 'YYYY-MM-DD HH24:MI:SS'), to_date('1970-01-01 09:14:34', 'YYYY-MM-DD HH24:MI:SS'));
insert into flights values ('US136', 'PHX', 'LAS', 'US', to_date('1970-01-01 07:31:48', 'YYYY-MM-DD HH24:MI:SS'), to_date('1970-01-01 09:48:51', 'YYYY-MM-DD HH24:MI:SS'));
insert into flights values ('US265', 'LAS', 'PHX', 'US', to_date('1970-01-01 11:48:51', 'YYYY-MM-DD HH24:MI:SS'), to_date('1970-01-01 14:05:53', 'YYYY-MM-DD HH24:MI:SS'));
insert into flights values ('CO137', 'EWR', 'ATL', 'CO', to_date('1970-01-01 08:24:22', 'YYYY-MM-DD HH24:MI:SS'), to_date('1970-01-01 10:50:03', 'YYYY-MM-DD HH24:MI:SS'));
insert into flights values ('CO264', 'ATL', 'EWR', 'CO', to_date('1970-01-01 12:50:03', 'YYYY-MM-DD HH24:MI:SS'), to_date('1970-01-01 15:15:45', 'YYYY-MM-DD HH24:MI:SS'));
insert into flights values ('NW138', 'MSP', 'JFK', 'NW', to_date('1970-01-01 04:33:38', 'YYYY-MM-DD HH24:MI:SS'), to_date('1970-01-01 08:24:43', 'YYYY-MM-DD HH24:MI:SS'));
insert into flights values ('NW263', 'JFK', 'MSP', 'NW', to_date('1970-01-01 10:24:43', 'YYYY-MM-DD HH24:MI:SS'), to_date('1970-01-01 14:15:49', 'YYYY-MM-DD HH24:MI:SS'));
insert into flights values ('SW139', 'OAK', 'SEA', 'SW', to_date('1970-01-01 06:42:33', 'YYYY-MM-DD HH24:MI:SS'), to_date('1970-01-01 08:43:02', 'YYYY-MM-DD HH24:MI:SS'));
insert into flights values ('SW262', 'SEA', 'OAK', 'SW', to_date('1970-01-01 10:43:02', 'YYYY-MM-DD HH24:MI:SS'), to_date('1970-01-01 12:43:31', 'YYYY-MM-DD HH24:MI:SS'));
insert into flights values ('DL140', 'ATL', 'SEA', 'DL', to_date('1970-01-01 11:05:42', 'YYYY-MM-DD HH24:MI:SS'), to_date('1970-01-01 14:41:32', 'YYYY-MM-DD HH24:MI:SS'));
insert into flights values ('DL261', 'SEA', 'ATL', 'DL', to_date('1970-01-01 16:41:32', 'YYYY-MM-DD HH24:MI:SS'), to_date('1970-01-01 20:17:21', 'YYYY-MM-DD HH24:MI:SS'));
insert into flights values ('NW141', 'MSP', 'SMF', 'NW', to_date('1970-01-01 02:14:05', 'YYYY-MM-DD HH24:MI:SS'), to_date('1970-01-01 05:32:38', 'YYYY-MM-DD HH24:MI:SS'));
insert into flights values ('NW260', 'SMF', 'MSP', 'NW', to_date('1970-01-01 07:32:38', 'YYYY-MM-DD HH24:MI:SS'), to_date('1970-01-01 10:51:11', 'YYYY-MM-DD HH24:MI:SS'));
insert into flights values ('SW142', 'OAK', 'JFK', 'SW', to_date('1970-01-01 00:32:05', 'YYYY-MM-DD HH24:MI:SS'), to_date('1970-01-01 02:19:39', 'YYYY-MM-DD HH24:MI:SS'));
insert into flights values ('SW259', 'JFK', 'OAK', 'SW', to_date('1970-01-01 04:19:39', 'YYYY-MM-DD HH24:MI:SS'), to_date('1970-01-01 06:07:13', 'YYYY-MM-DD HH24:MI:SS'));
insert into flights values ('NW143', 'CLE', 'SNA', 'NW', to_date('1970-01-01 04:34:01', 'YYYY-MM-DD HH24:MI:SS'), to_date('1970-01-01 08:02:39', 'YYYY-MM-DD HH24:MI:SS'));
insert into flights values ('NW258', 'SNA', 'CLE', 'NW', to_date('1970-01-01 10:02:39', 'YYYY-MM-DD HH24:MI:SS'), to_date('1970-01-01 13:31:18', 'YYYY-MM-DD HH24:MI:SS'));
insert into flights values ('DL144', 'ATL', 'MDW', 'DL', to_date('1970-01-01 00:51:00', 'YYYY-MM-DD HH24:MI:SS'), to_date('1970-01-01 03:59:30', 'YYYY-MM-DD HH24:MI:SS'));
insert into flights values ('DL257', 'MDW', 'ATL', 'DL', to_date('1970-01-01 05:59:30', 'YYYY-MM-DD HH24:MI:SS'), to_date('1970-01-01 09:08:00', 'YYYY-MM-DD HH24:MI:SS'));
insert into flights values ('NW145', 'MSP', 'CLT', 'NW', to_date('1970-01-01 04:51:10', 'YYYY-MM-DD HH24:MI:SS'), to_date('1970-01-01 07:23:04', 'YYYY-MM-DD HH24:MI:SS'));
insert into flights values ('NW256', 'CLT', 'MSP', 'NW', to_date('1970-01-01 09:23:04', 'YYYY-MM-DD HH24:MI:SS'), to_date('1970-01-01 11:54:59', 'YYYY-MM-DD HH24:MI:SS'));
insert into flights values ('US146', 'PHX', 'SNA', 'US', to_date('1970-01-01 09:20:01', 'YYYY-MM-DD HH24:MI:SS'), to_date('1970-01-01 11:02:37', 'YYYY-MM-DD HH24:MI:SS'));
insert into flights values ('US255', 'SNA', 'PHX', 'US', to_date('1970-01-01 13:02:37', 'YYYY-MM-DD HH24:MI:SS'), to_date('1970-01-01 14:45:13', 'YYYY-MM-DD HH24:MI:SS'));
insert into flights values ('CO147', 'PHX', 'MDW', 'CO', to_date('1970-01-01 00:39:20', 'YYYY-MM-DD HH24:MI:SS'), to_date('1970-01-01 02:47:42', 'YYYY-MM-DD HH24:MI:SS'));
insert into flights values ('CO254', 'MDW', 'PHX', 'CO', to_date('1970-01-01 04:47:42', 'YYYY-MM-DD HH24:MI:SS'), to_date('1970-01-01 06:56:05', 'YYYY-MM-DD HH24:MI:SS'));
insert into flights values ('NW148', 'MSP', 'PDX', 'NW', to_date('1970-01-01 06:50:33', 'YYYY-MM-DD HH24:MI:SS'), to_date('1970-01-01 09:59:20', 'YYYY-MM-DD HH24:MI:SS'));
insert into flights values ('NW253', 'PDX', 'MSP', 'NW', to_date('1970-01-01 11:59:20', 'YYYY-MM-DD HH24:MI:SS'), to_date('1970-01-01 15:08:08', 'YYYY-MM-DD HH24:MI:SS'));
insert into flights values ('UA149', 'ORD', 'DEN', 'UA', to_date('1970-01-01 07:33:57', 'YYYY-MM-DD HH24:MI:SS'), to_date('1970-01-01 08:41:11', 'YYYY-MM-DD HH24:MI:SS'));
insert into flights values ('UA252', 'DEN', 'ORD', 'UA', to_date('1970-01-01 10:41:11', 'YYYY-MM-DD HH24:MI:SS'), to_date('1970-01-01 11:48:25', 'YYYY-MM-DD HH24:MI:SS'));
insert into flights values ('SW150', 'SNA', 'OAK', 'SW', to_date('1970-01-01 07:05:48', 'YYYY-MM-DD HH24:MI:SS'), to_date('1970-01-01 10:38:23', 'YYYY-MM-DD HH24:MI:SS'));
insert into flights values ('SW251', 'OAK', 'SNA', 'SW', to_date('1970-01-01 12:38:23', 'YYYY-MM-DD HH24:MI:SS'), to_date('1970-01-01 16:10:59', 'YYYY-MM-DD HH24:MI:SS'));
insert into flights values ('AA151', 'DFW', 'TPA', 'AA', to_date('1970-01-01 04:56:44', 'YYYY-MM-DD HH24:MI:SS'), to_date('1970-01-01 08:24:38', 'YYYY-MM-DD HH24:MI:SS'));
insert into flights values ('AA250', 'TPA', 'DFW', 'AA', to_date('1970-01-01 10:24:38', 'YYYY-MM-DD HH24:MI:SS'), to_date('1970-01-01 13:52:31', 'YYYY-MM-DD HH24:MI:SS'));
insert into flights values ('SW152', 'OAK', 'JFK', 'SW', to_date('1970-01-01 07:04:54', 'YYYY-MM-DD HH24:MI:SS'), to_date('1970-01-01 10:15:56', 'YYYY-MM-DD HH24:MI:SS'));
insert into flights values ('SW249', 'JFK', 'OAK', 'SW', to_date('1970-01-01 12:15:56', 'YYYY-MM-DD HH24:MI:SS'), to_date('1970-01-01 15:26:59', 'YYYY-MM-DD HH24:MI:SS'));
insert into flights values ('DL153', 'ATL', 'LGA', 'DL', to_date('1970-01-01 00:41:15', 'YYYY-MM-DD HH24:MI:SS'), to_date('1970-01-01 01:42:50', 'YYYY-MM-DD HH24:MI:SS'));
insert into flights values ('DL248', 'LGA', 'ATL', 'DL', to_date('1970-01-01 03:42:50', 'YYYY-MM-DD HH24:MI:SS'), to_date('1970-01-01 04:44:26', 'YYYY-MM-DD HH24:MI:SS'));
insert into flights values ('DL154', 'ATL', 'ORD', 'DL', to_date('1970-01-01 07:28:09', 'YYYY-MM-DD HH24:MI:SS'), to_date('1970-01-01 08:59:00', 'YYYY-MM-DD HH24:MI:SS'));
insert into flights values ('DL247', 'ORD', 'ATL', 'DL', to_date('1970-01-01 10:59:00', 'YYYY-MM-DD HH24:MI:SS'), to_date('1970-01-01 12:29:51', 'YYYY-MM-DD HH24:MI:SS'));
insert into flights values ('SW155', 'OAK', 'MCO', 'SW', to_date('1970-01-01 09:55:41', 'YYYY-MM-DD HH24:MI:SS'), to_date('1970-01-01 13:17:15', 'YYYY-MM-DD HH24:MI:SS'));
insert into flights values ('SW246', 'MCO', 'OAK', 'SW', to_date('1970-01-01 15:17:15', 'YYYY-MM-DD HH24:MI:SS'), to_date('1970-01-01 18:38:49', 'YYYY-MM-DD HH24:MI:SS'));
insert into flights values ('DL156', 'CVG', 'PDX', 'DL', to_date('1970-01-01 06:18:06', 'YYYY-MM-DD HH24:MI:SS'), to_date('1970-01-01 07:21:10', 'YYYY-MM-DD HH24:MI:SS'));
insert into flights values ('DL245', 'PDX', 'CVG', 'DL', to_date('1970-01-01 09:21:10', 'YYYY-MM-DD HH24:MI:SS'), to_date('1970-01-01 10:24:13', 'YYYY-MM-DD HH24:MI:SS'));
insert into flights values ('DL157', 'DCA', 'MIA', 'DL', to_date('1970-01-01 10:25:55', 'YYYY-MM-DD HH24:MI:SS'), to_date('1970-01-01 14:16:40', 'YYYY-MM-DD HH24:MI:SS'));
insert into flights values ('DL244', 'MIA', 'DCA', 'DL', to_date('1970-01-01 16:16:40', 'YYYY-MM-DD HH24:MI:SS'), to_date('1970-01-01 20:07:24', 'YYYY-MM-DD HH24:MI:SS'));
insert into flights values ('DL158', 'ATL', 'IAH', 'DL', to_date('1970-01-01 01:39:54', 'YYYY-MM-DD HH24:MI:SS'), to_date('1970-01-01 05:21:12', 'YYYY-MM-DD HH24:MI:SS'));
insert into flights values ('DL243', 'IAH', 'ATL', 'DL', to_date('1970-01-01 07:21:12', 'YYYY-MM-DD HH24:MI:SS'), to_date('1970-01-01 11:02:29', 'YYYY-MM-DD HH24:MI:SS'));
insert into flights values ('AA159', 'SMF', 'TPA', 'AA', to_date('1970-01-01 02:39:01', 'YYYY-MM-DD HH24:MI:SS'), to_date('1970-01-01 05:52:02', 'YYYY-MM-DD HH24:MI:SS'));
insert into flights values ('AA242', 'TPA', 'SMF', 'AA', to_date('1970-01-01 07:52:02', 'YYYY-MM-DD HH24:MI:SS'), to_date('1970-01-01 11:05:04', 'YYYY-MM-DD HH24:MI:SS'));
insert into flights values ('US160', 'PHX', 'JFK', 'US', to_date('1970-01-01 03:01:33', 'YYYY-MM-DD HH24:MI:SS'), to_date('1970-01-01 04:23:33', 'YYYY-MM-DD HH24:MI:SS'));
insert into flights values ('US241', 'JFK', 'PHX', 'US', to_date('1970-01-01 06:23:33', 'YYYY-MM-DD HH24:MI:SS'), to_date('1970-01-01 07:45:33', 'YYYY-MM-DD HH24:MI:SS'));
insert into flights values ('AA161', 'DFW', 'SNA', 'AA', to_date('1970-01-01 04:07:29', 'YYYY-MM-DD HH24:MI:SS'), to_date('1970-01-01 07:48:20', 'YYYY-MM-DD HH24:MI:SS'));
insert into flights values ('AA240', 'SNA', 'DFW', 'AA', to_date('1970-01-01 09:48:20', 'YYYY-MM-DD HH24:MI:SS'), to_date('1970-01-01 13:29:12', 'YYYY-MM-DD HH24:MI:SS'));
insert into flights values ('SW162', 'OAK', 'HNL', 'SW', to_date('1970-01-01 11:43:32', 'YYYY-MM-DD HH24:MI:SS'), to_date('1970-01-01 13:08:11', 'YYYY-MM-DD HH24:MI:SS'));
insert into flights values ('SW239', 'HNL', 'OAK', 'SW', to_date('1970-01-01 15:08:11', 'YYYY-MM-DD HH24:MI:SS'), to_date('1970-01-01 16:32:49', 'YYYY-MM-DD HH24:MI:SS'));
insert into flights values ('DL163', 'ATL', 'MEM', 'DL', to_date('1970-01-01 00:07:14', 'YYYY-MM-DD HH24:MI:SS'), to_date('1970-01-01 03:25:50', 'YYYY-MM-DD HH24:MI:SS'));
insert into flights values ('DL238', 'MEM', 'ATL', 'DL', to_date('1970-01-01 05:25:50', 'YYYY-MM-DD HH24:MI:SS'), to_date('1970-01-01 08:44:27', 'YYYY-MM-DD HH24:MI:SS'));
insert into flights values ('UA164', 'ORD', 'IAD', 'UA', to_date('1970-01-01 04:34:22', 'YYYY-MM-DD HH24:MI:SS'), to_date('1970-01-01 07:36:39', 'YYYY-MM-DD HH24:MI:SS'));
insert into flights values ('UA237', 'IAD', 'ORD', 'UA', to_date('1970-01-01 09:36:39', 'YYYY-MM-DD HH24:MI:SS'), to_date('1970-01-01 12:38:55', 'YYYY-MM-DD HH24:MI:SS'));
insert into flights values ('SW165', 'OAK', 'MCI', 'SW', to_date('1970-01-01 05:09:39', 'YYYY-MM-DD HH24:MI:SS'), to_date('1970-01-01 07:19:06', 'YYYY-MM-DD HH24:MI:SS'));
insert into flights values ('SW236', 'MCI', 'OAK', 'SW', to_date('1970-01-01 09:19:06', 'YYYY-MM-DD HH24:MI:SS'), to_date('1970-01-01 11:28:33', 'YYYY-MM-DD HH24:MI:SS'));
insert into flights values ('SW166', 'OAK', 'BOS', 'SW', to_date('1970-01-01 10:17:50', 'YYYY-MM-DD HH24:MI:SS'), to_date('1970-01-01 12:12:38', 'YYYY-MM-DD HH24:MI:SS'));
insert into flights values ('SW235', 'BOS', 'OAK', 'SW', to_date('1970-01-01 14:12:38', 'YYYY-MM-DD HH24:MI:SS'), to_date('1970-01-01 16:07:26', 'YYYY-MM-DD HH24:MI:SS'));
insert into flights values ('SW167', 'OAK', 'EWR', 'SW', to_date('1970-01-01 05:14:34', 'YYYY-MM-DD HH24:MI:SS'), to_date('1970-01-01 06:37:03', 'YYYY-MM-DD HH24:MI:SS'));
insert into flights values ('SW234', 'EWR', 'OAK', 'SW', to_date('1970-01-01 08:37:03', 'YYYY-MM-DD HH24:MI:SS'), to_date('1970-01-01 09:59:33', 'YYYY-MM-DD HH24:MI:SS'));
insert into flights values ('SW168', 'OAK', 'STL', 'SW', to_date('1970-01-01 10:41:41', 'YYYY-MM-DD HH24:MI:SS'), to_date('1970-01-01 14:22:27', 'YYYY-MM-DD HH24:MI:SS'));
insert into flights values ('SW233', 'STL', 'OAK', 'SW', to_date('1970-01-01 16:22:27', 'YYYY-MM-DD HH24:MI:SS'), to_date('1970-01-01 20:03:13', 'YYYY-MM-DD HH24:MI:SS'));
insert into flights values ('SW169', 'SEA', 'PHL', 'SW', to_date('1970-01-01 03:34:16', 'YYYY-MM-DD HH24:MI:SS'), to_date('1970-01-01 06:32:22', 'YYYY-MM-DD HH24:MI:SS'));
insert into flights values ('SW232', 'PHL', 'SEA', 'SW', to_date('1970-01-01 08:32:22', 'YYYY-MM-DD HH24:MI:SS'), to_date('1970-01-01 11:30:29', 'YYYY-MM-DD HH24:MI:SS'));
insert into flights values ('UA170', 'ORD', 'PHX', 'UA', to_date('1970-01-01 03:04:43', 'YYYY-MM-DD HH24:MI:SS'), to_date('1970-01-01 04:58:29', 'YYYY-MM-DD HH24:MI:SS'));
insert into flights values ('UA231', 'PHX', 'ORD', 'UA', to_date('1970-01-01 06:58:29', 'YYYY-MM-DD HH24:MI:SS'), to_date('1970-01-01 08:52:14', 'YYYY-MM-DD HH24:MI:SS'));
insert into flights values ('SW171', 'OAK', 'STL', 'SW', to_date('1970-01-01 04:57:34', 'YYYY-MM-DD HH24:MI:SS'), to_date('1970-01-01 06:09:35', 'YYYY-MM-DD HH24:MI:SS'));
insert into flights values ('SW230', 'STL', 'OAK', 'SW', to_date('1970-01-01 08:09:35', 'YYYY-MM-DD HH24:MI:SS'), to_date('1970-01-01 09:21:35', 'YYYY-MM-DD HH24:MI:SS'));
insert into flights values ('AA172', 'DFW', 'ORD', 'AA', to_date('1970-01-01 06:40:44', 'YYYY-MM-DD HH24:MI:SS'), to_date('1970-01-01 09:30:45', 'YYYY-MM-DD HH24:MI:SS'));
insert into flights values ('AA229', 'ORD', 'DFW', 'AA', to_date('1970-01-01 11:30:45', 'YYYY-MM-DD HH24:MI:SS'), to_date('1970-01-01 14:20:47', 'YYYY-MM-DD HH24:MI:SS'));
insert into flights values ('UA173', 'ORD', 'CVG', 'UA', to_date('1970-01-01 03:07:26', 'YYYY-MM-DD HH24:MI:SS'), to_date('1970-01-01 06:09:02', 'YYYY-MM-DD HH24:MI:SS'));
insert into flights values ('UA228', 'CVG', 'ORD', 'UA', to_date('1970-01-01 08:09:02', 'YYYY-MM-DD HH24:MI:SS'), to_date('1970-01-01 11:10:38', 'YYYY-MM-DD HH24:MI:SS'));
insert into flights values ('UA174', 'ORD', 'SAN', 'UA', to_date('1970-01-01 11:30:26', 'YYYY-MM-DD HH24:MI:SS'), to_date('1970-01-01 13:11:50', 'YYYY-MM-DD HH24:MI:SS'));
insert into flights values ('UA227', 'SAN', 'ORD', 'UA', to_date('1970-01-01 15:11:50', 'YYYY-MM-DD HH24:MI:SS'), to_date('1970-01-01 16:53:14', 'YYYY-MM-DD HH24:MI:SS'));
insert into flights values ('NW175', 'MSP', 'IAD', 'NW', to_date('1970-01-01 00:16:51', 'YYYY-MM-DD HH24:MI:SS'), to_date('1970-01-01 03:44:37', 'YYYY-MM-DD HH24:MI:SS'));
insert into flights values ('NW226', 'IAD', 'MSP', 'NW', to_date('1970-01-01 05:44:37', 'YYYY-MM-DD HH24:MI:SS'), to_date('1970-01-01 09:12:23', 'YYYY-MM-DD HH24:MI:SS'));
insert into flights values ('CO176', 'EWR', 'MIA', 'CO', to_date('1970-01-01 11:52:02', 'YYYY-MM-DD HH24:MI:SS'), to_date('1970-01-01 14:41:11', 'YYYY-MM-DD HH24:MI:SS'));
insert into flights values ('CO225', 'MIA', 'EWR', 'CO', to_date('1970-01-01 16:41:11', 'YYYY-MM-DD HH24:MI:SS'), to_date('1970-01-01 19:30:20', 'YYYY-MM-DD HH24:MI:SS'));
insert into flights values ('UA177', 'SJU', 'DTW', 'UA', to_date('1970-01-01 05:20:32', 'YYYY-MM-DD HH24:MI:SS'), to_date('1970-01-01 09:07:28', 'YYYY-MM-DD HH24:MI:SS'));
insert into flights values ('UA224', 'DTW', 'SJU', 'UA', to_date('1970-01-01 11:07:28', 'YYYY-MM-DD HH24:MI:SS'), to_date('1970-01-01 14:54:25', 'YYYY-MM-DD HH24:MI:SS'));
insert into flights values ('UA178', 'ORD', 'DTW', 'UA', to_date('1970-01-01 08:19:48', 'YYYY-MM-DD HH24:MI:SS'), to_date('1970-01-01 11:25:41', 'YYYY-MM-DD HH24:MI:SS'));
insert into flights values ('UA223', 'DTW', 'ORD', 'UA', to_date('1970-01-01 13:25:41', 'YYYY-MM-DD HH24:MI:SS'), to_date('1970-01-01 16:31:34', 'YYYY-MM-DD HH24:MI:SS'));
insert into flights values ('DL179', 'ATL', 'MCI', 'DL', to_date('1970-01-01 05:24:35', 'YYYY-MM-DD HH24:MI:SS'), to_date('1970-01-01 08:48:53', 'YYYY-MM-DD HH24:MI:SS'));
insert into flights values ('DL222', 'MCI', 'ATL', 'DL', to_date('1970-01-01 10:48:53', 'YYYY-MM-DD HH24:MI:SS'), to_date('1970-01-01 14:13:11', 'YYYY-MM-DD HH24:MI:SS'));
insert into flights values ('NW180', 'MSP', 'LGA', 'NW', to_date('1970-01-01 08:54:46', 'YYYY-MM-DD HH24:MI:SS'), to_date('1970-01-01 09:54:51', 'YYYY-MM-DD HH24:MI:SS'));
insert into flights values ('NW221', 'LGA', 'MSP', 'NW', to_date('1970-01-01 11:54:51', 'YYYY-MM-DD HH24:MI:SS'), to_date('1970-01-01 12:54:56', 'YYYY-MM-DD HH24:MI:SS'));
insert into flights values ('DL181', 'CVG', 'LAS', 'DL', to_date('1970-01-01 00:47:28', 'YYYY-MM-DD HH24:MI:SS'), to_date('1970-01-01 04:23:40', 'YYYY-MM-DD HH24:MI:SS'));
insert into flights values ('DL220', 'LAS', 'CVG', 'DL', to_date('1970-01-01 06:23:40', 'YYYY-MM-DD HH24:MI:SS'), to_date('1970-01-01 09:59:52', 'YYYY-MM-DD HH24:MI:SS'));
insert into flights values ('UA182', 'ATL', 'MEM', 'UA', to_date('1970-01-01 00:21:14', 'YYYY-MM-DD HH24:MI:SS'), to_date('1970-01-01 01:40:56', 'YYYY-MM-DD HH24:MI:SS'));
insert into flights values ('UA219', 'MEM', 'ATL', 'UA', to_date('1970-01-01 03:40:56', 'YYYY-MM-DD HH24:MI:SS'), to_date('1970-01-01 05:00:37', 'YYYY-MM-DD HH24:MI:SS'));
insert into flights values ('SW183', 'OAK', 'IAD', 'SW', to_date('1970-01-01 07:51:40', 'YYYY-MM-DD HH24:MI:SS'), to_date('1970-01-01 08:55:28', 'YYYY-MM-DD HH24:MI:SS'));
insert into flights values ('SW218', 'IAD', 'OAK', 'SW', to_date('1970-01-01 10:55:28', 'YYYY-MM-DD HH24:MI:SS'), to_date('1970-01-01 11:59:16', 'YYYY-MM-DD HH24:MI:SS'));
insert into flights values ('AA184', 'DFW', 'ORD', 'AA', to_date('1970-01-01 02:36:50', 'YYYY-MM-DD HH24:MI:SS'), to_date('1970-01-01 04:40:32', 'YYYY-MM-DD HH24:MI:SS'));
insert into flights values ('AA217', 'ORD', 'DFW', 'AA', to_date('1970-01-01 06:40:32', 'YYYY-MM-DD HH24:MI:SS'), to_date('1970-01-01 08:44:13', 'YYYY-MM-DD HH24:MI:SS'));
insert into flights values ('CO185', 'PHX', 'CLE', 'CO', to_date('1970-01-01 04:57:29', 'YYYY-MM-DD HH24:MI:SS'), to_date('1970-01-01 08:54:30', 'YYYY-MM-DD HH24:MI:SS'));
insert into flights values ('CO216', 'CLE', 'PHX', 'CO', to_date('1970-01-01 10:54:30', 'YYYY-MM-DD HH24:MI:SS'), to_date('1970-01-01 14:51:30', 'YYYY-MM-DD HH24:MI:SS'));
insert into flights values ('NW186', 'MSP', 'TPA', 'NW', to_date('1970-01-01 03:57:10', 'YYYY-MM-DD HH24:MI:SS'), to_date('1970-01-01 05:10:12', 'YYYY-MM-DD HH24:MI:SS'));
insert into flights values ('NW215', 'TPA', 'MSP', 'NW', to_date('1970-01-01 07:10:12', 'YYYY-MM-DD HH24:MI:SS'), to_date('1970-01-01 08:23:13', 'YYYY-MM-DD HH24:MI:SS'));
insert into flights values ('SW187', 'OAK', 'LGA', 'SW', to_date('1970-01-01 06:59:01', 'YYYY-MM-DD HH24:MI:SS'), to_date('1970-01-01 08:01:47', 'YYYY-MM-DD HH24:MI:SS'));
insert into flights values ('SW214', 'LGA', 'OAK', 'SW', to_date('1970-01-01 10:01:47', 'YYYY-MM-DD HH24:MI:SS'), to_date('1970-01-01 11:04:33', 'YYYY-MM-DD HH24:MI:SS'));
insert into flights values ('NW188', 'MSP', 'FLL', 'NW', to_date('1970-01-01 06:02:13', 'YYYY-MM-DD HH24:MI:SS'), to_date('1970-01-01 09:16:04', 'YYYY-MM-DD HH24:MI:SS'));
insert into flights values ('NW213', 'FLL', 'MSP', 'NW', to_date('1970-01-01 11:16:04', 'YYYY-MM-DD HH24:MI:SS'), to_date('1970-01-01 14:29:55', 'YYYY-MM-DD HH24:MI:SS'));
insert into flights values ('CO189', 'EWR', 'DCA', 'CO', to_date('1970-01-01 04:17:30', 'YYYY-MM-DD HH24:MI:SS'), to_date('1970-01-01 08:12:21', 'YYYY-MM-DD HH24:MI:SS'));
insert into flights values ('CO212', 'DCA', 'EWR', 'CO', to_date('1970-01-01 10:12:21', 'YYYY-MM-DD HH24:MI:SS'), to_date('1970-01-01 14:07:11', 'YYYY-MM-DD HH24:MI:SS'));
insert into flights values ('DL190', 'ATL', 'MDW', 'DL', to_date('1970-01-01 11:54:42', 'YYYY-MM-DD HH24:MI:SS'), to_date('1970-01-01 14:22:18', 'YYYY-MM-DD HH24:MI:SS'));
insert into flights values ('DL211', 'MDW', 'ATL', 'DL', to_date('1970-01-01 16:22:18', 'YYYY-MM-DD HH24:MI:SS'), to_date('1970-01-01 18:49:54', 'YYYY-MM-DD HH24:MI:SS'));
insert into flights values ('SW191', 'OAK', 'DFW', 'SW', to_date('1970-01-01 00:12:43', 'YYYY-MM-DD HH24:MI:SS'), to_date('1970-01-01 01:18:29', 'YYYY-MM-DD HH24:MI:SS'));
insert into flights values ('SW210', 'DFW', 'OAK', 'SW', to_date('1970-01-01 03:18:29', 'YYYY-MM-DD HH24:MI:SS'), to_date('1970-01-01 04:24:16', 'YYYY-MM-DD HH24:MI:SS'));
insert into flights values ('SW192', 'OAK', 'DFW', 'SW', to_date('1970-01-01 05:22:41', 'YYYY-MM-DD HH24:MI:SS'), to_date('1970-01-01 06:36:27', 'YYYY-MM-DD HH24:MI:SS'));
insert into flights values ('SW209', 'DFW', 'OAK', 'SW', to_date('1970-01-01 08:36:27', 'YYYY-MM-DD HH24:MI:SS'), to_date('1970-01-01 09:50:13', 'YYYY-MM-DD HH24:MI:SS'));
insert into flights values ('SW193', 'OAK', 'PHL', 'SW', to_date('1970-01-01 07:35:23', 'YYYY-MM-DD HH24:MI:SS'), to_date('1970-01-01 11:09:18', 'YYYY-MM-DD HH24:MI:SS'));
insert into flights values ('SW208', 'PHL', 'OAK', 'SW', to_date('1970-01-01 13:09:18', 'YYYY-MM-DD HH24:MI:SS'), to_date('1970-01-01 16:43:14', 'YYYY-MM-DD HH24:MI:SS'));
insert into flights values ('NW194', 'MSP', 'SEA', 'NW', to_date('1970-01-01 04:03:35', 'YYYY-MM-DD HH24:MI:SS'), to_date('1970-01-01 07:31:19', 'YYYY-MM-DD HH24:MI:SS'));
insert into flights values ('NW207', 'SEA', 'MSP', 'NW', to_date('1970-01-01 09:31:19', 'YYYY-MM-DD HH24:MI:SS'), to_date('1970-01-01 12:59:02', 'YYYY-MM-DD HH24:MI:SS'));
insert into flights values ('DL195', 'ATL', 'PHX', 'DL', to_date('1970-01-01 09:36:58', 'YYYY-MM-DD HH24:MI:SS'), to_date('1970-01-01 13:20:59', 'YYYY-MM-DD HH24:MI:SS'));
insert into flights values ('DL206', 'PHX', 'ATL', 'DL', to_date('1970-01-01 15:20:59', 'YYYY-MM-DD HH24:MI:SS'), to_date('1970-01-01 19:05:00', 'YYYY-MM-DD HH24:MI:SS'));
insert into flights values ('SW196', 'OAK', 'CLE', 'SW', to_date('1970-01-01 00:54:28', 'YYYY-MM-DD HH24:MI:SS'), to_date('1970-01-01 03:03:49', 'YYYY-MM-DD HH24:MI:SS'));
insert into flights values ('SW205', 'CLE', 'OAK', 'SW', to_date('1970-01-01 05:03:49', 'YYYY-MM-DD HH24:MI:SS'), to_date('1970-01-01 07:13:09', 'YYYY-MM-DD HH24:MI:SS'));
insert into flights values ('DL197', 'ATL', 'SNA', 'DL', to_date('1970-01-01 10:24:15', 'YYYY-MM-DD HH24:MI:SS'), to_date('1970-01-01 12:10:44', 'YYYY-MM-DD HH24:MI:SS'));
insert into flights values ('DL204', 'SNA', 'ATL', 'DL', to_date('1970-01-01 14:10:44', 'YYYY-MM-DD HH24:MI:SS'), to_date('1970-01-01 15:57:14', 'YYYY-MM-DD HH24:MI:SS'));
insert into flights values ('CO198', 'EWR', 'PDX', 'CO', to_date('1970-01-01 05:19:44', 'YYYY-MM-DD HH24:MI:SS'), to_date('1970-01-01 08:52:35', 'YYYY-MM-DD HH24:MI:SS'));
insert into flights values ('CO203', 'PDX', 'EWR', 'CO', to_date('1970-01-01 10:52:35', 'YYYY-MM-DD HH24:MI:SS'), to_date('1970-01-01 14:25:25', 'YYYY-MM-DD HH24:MI:SS'));
insert into flights values ('SW199', 'OAK', 'FLL', 'SW', to_date('1970-01-01 01:05:38', 'YYYY-MM-DD HH24:MI:SS'), to_date('1970-01-01 02:31:29', 'YYYY-MM-DD HH24:MI:SS'));
insert into flights values ('SW202', 'FLL', 'OAK', 'SW', to_date('1970-01-01 04:31:29', 'YYYY-MM-DD HH24:MI:SS'), to_date('1970-01-01 05:57:20', 'YYYY-MM-DD HH24:MI:SS'));
insert into flights values ('SW200', 'OAK', 'SAN', 'SW', to_date('1970-01-01 06:10:01', 'YYYY-MM-DD HH24:MI:SS'), to_date('1970-01-01 08:37:22', 'YYYY-MM-DD HH24:MI:SS'));
insert into flights values ('SW201', 'SAN', 'OAK', 'SW', to_date('1970-01-01 10:37:22', 'YYYY-MM-DD HH24:MI:SS'), to_date('1970-01-01 13:04:43', 'YYYY-MM-DD HH24:MI:SS'));
insert into flewon values ('AA101', 'cust311', to_date('2010-01-01', 'YYYY-MM-DD'));
insert into flewon values ('AA101', 'cust618', to_date('2010-01-02', 'YYYY-MM-DD'));
insert into flewon values ('DL163', 'cust78', to_date('2010-01-03', 'YYYY-MM-DD'));
insert into flewon values ('US105', 'cust29', to_date('2010-01-07', 'YYYY-MM-DD'));
insert into flewon values ('AA101', 'cust2', to_date('2010-01-02', 'YYYY-MM-DD'));
insert into flewon values ('AA113', 'cust4', to_date('2010-01-06', 'YYYY-MM-DD'));
insert into flewon values ('NW145', 'cust400', to_date('2010-01-07', 'YYYY-MM-DD'));
insert into flewon values ('CO254', 'cust29', to_date('2010-01-04', 'YYYY-MM-DD'));
insert into flewon values ('AA101', 'cust149', to_date('2010-01-04', 'YYYY-MM-DD'));
insert into flewon values ('DL104', 'cust522', to_date('2010-01-06', 'YYYY-MM-DD'));
insert into flewon values ('AA101', 'cust496', to_date('2010-01-06', 'YYYY-MM-DD'));
insert into flewon values ('SW111', 'cust596', to_date('2010-01-04', 'YYYY-MM-DD'));
insert into flewon values ('SW187', 'cust113', to_date('2010-01-01', 'YYYY-MM-DD'));
insert into flewon values ('AA101', 'cust41', to_date('2010-01-01', 'YYYY-MM-DD'));
insert into flewon values ('AA101', 'cust29', to_date('2010-01-01', 'YYYY-MM-DD'));
insert into flewon values ('DL104', 'cust163', to_date('2010-01-01', 'YYYY-MM-DD'));
insert into flewon values ('US160', 'cust373', to_date('2010-01-06', 'YYYY-MM-DD'));
insert into flewon values ('SW270', 'cust173', to_date('2010-01-09', 'YYYY-MM-DD'));
insert into flewon values ('AA101', 'cust531', to_date('2010-01-03', 'YYYY-MM-DD'));
insert into flewon values ('AA101', 'cust0', to_date('2010-01-02', 'YYYY-MM-DD'));
insert into flewon values ('AA113', 'cust99', to_date('2010-01-01', 'YYYY-MM-DD'));
insert into flewon values ('DL281', 'cust11', to_date('2010-01-04', 'YYYY-MM-DD'));
insert into flewon values ('SW130', 'cust373', to_date('2010-01-09', 'YYYY-MM-DD'));
insert into flewon values ('SW103', 'cust640', to_date('2010-01-02', 'YYYY-MM-DD'));
insert into flewon values ('SW275', 'cust10', to_date('2010-01-08', 'YYYY-MM-DD'));
insert into flewon values ('AA101', 'cust335', to_date('2010-01-08', 'YYYY-MM-DD'));
insert into flewon values ('SW109', 'cust108', to_date('2010-01-04', 'YYYY-MM-DD'));
insert into flewon values ('AA272', 'cust272', to_date('2010-01-08', 'YYYY-MM-DD'));
insert into flewon values ('SW165', 'cust221', to_date('2010-01-09', 'YYYY-MM-DD'));
insert into flewon values ('NW215', 'cust271', to_date('2010-01-05', 'YYYY-MM-DD'));
insert into flewon values ('UA231', 'cust174', to_date('2010-01-02', 'YYYY-MM-DD'));
insert into flewon values ('US136', 'cust174', to_date('2010-01-08', 'YYYY-MM-DD'));
insert into flewon values ('SW103', 'cust334', to_date('2010-01-06', 'YYYY-MM-DD'));
insert into flewon values ('AA101', 'cust515', to_date('2010-01-02', 'YYYY-MM-DD'));
insert into flewon values ('UA102', 'cust600', to_date('2010-01-08', 'YYYY-MM-DD'));
insert into flewon values ('US146', 'cust319', to_date('2010-01-09', 'YYYY-MM-DD'));
insert into flewon values ('SW152', 'cust4', to_date('2010-01-01', 'YYYY-MM-DD'));
insert into flewon values ('DL104', 'cust23', to_date('2010-01-01', 'YYYY-MM-DD'));
insert into flewon values ('DL197', 'cust311', to_date('2010-01-05', 'YYYY-MM-DD'));
insert into flewon values ('DL261', 'cust8', to_date('2010-01-01', 'YYYY-MM-DD'));
insert into flewon values ('AA101', 'cust54', to_date('2010-01-09', 'YYYY-MM-DD'));
insert into flewon values ('NW253', 'cust582', to_date('2010-01-08', 'YYYY-MM-DD'));
insert into flewon values ('AA101', 'cust376', to_date('2010-01-01', 'YYYY-MM-DD'));
insert into flewon values ('SW262', 'cust582', to_date('2010-01-01', 'YYYY-MM-DD'));
insert into flewon values ('UA102', 'cust392', to_date('2010-01-09', 'YYYY-MM-DD'));
insert into flewon values ('AA106', 'cust54', to_date('2010-01-08', 'YYYY-MM-DD'));
insert into flewon values ('DL247', 'cust599', to_date('2010-01-04', 'YYYY-MM-DD'));
insert into flewon values ('CO147', 'cust158', to_date('2010-01-03', 'YYYY-MM-DD'));
insert into flewon values ('SW119', 'cust398', to_date('2010-01-09', 'YYYY-MM-DD'));
insert into flewon values ('NW180', 'cust224', to_date('2010-01-03', 'YYYY-MM-DD'));
insert into flewon values ('DL243', 'cust658', to_date('2010-01-08', 'YYYY-MM-DD'));
insert into flewon values ('SW269', 'cust731', to_date('2010-01-02', 'YYYY-MM-DD'));
insert into flewon values ('AA122', 'cust254', to_date('2010-01-09', 'YYYY-MM-DD'));
insert into flewon values ('UA123', 'cust4', to_date('2010-01-07', 'YYYY-MM-DD'));
insert into flewon values ('AA101', 'cust40', to_date('2010-01-07', 'YYYY-MM-DD'));
insert into flewon values ('DL247', 'cust8', to_date('2010-01-04', 'YYYY-MM-DD'));
insert into flewon values ('SW112', 'cust474', to_date('2010-01-01', 'YYYY-MM-DD'));
insert into flewon values ('CO285', 'cust226', to_date('2010-01-04', 'YYYY-MM-DD'));
insert into flewon values ('AA110', 'cust5', to_date('2010-01-01', 'YYYY-MM-DD'));
insert into flewon values ('SW251', 'cust302', to_date('2010-01-03', 'YYYY-MM-DD'));
insert into flewon values ('SW249', 'cust498', to_date('2010-01-07', 'YYYY-MM-DD'));
insert into flewon values ('SW107', 'cust51', to_date('2010-01-01', 'YYYY-MM-DD'));
insert into flewon values ('AA113', 'cust402', to_date('2010-01-04', 'YYYY-MM-DD'));
insert into flewon values ('SW201', 'cust335', to_date('2010-01-06', 'YYYY-MM-DD'));
insert into flewon values ('DL157', 'cust35', to_date('2010-01-05', 'YYYY-MM-DD'));
insert into flewon values ('AA101', 'cust6', to_date('2010-01-02', 'YYYY-MM-DD'));
insert into flewon values ('AA288', 'cust5', to_date('2010-01-09', 'YYYY-MM-DD'));
insert into flewon values ('CO185', 'cust175', to_date('2010-01-08', 'YYYY-MM-DD'));
insert into flewon values ('US255', 'cust64', to_date('2010-01-09', 'YYYY-MM-DD'));
insert into flewon values ('AA110', 'cust86', to_date('2010-01-09', 'YYYY-MM-DD'));
insert into flewon values ('SW270', 'cust289', to_date('2010-01-02', 'YYYY-MM-DD'));
insert into flewon values ('SW292', 'cust14', to_date('2010-01-03', 'YYYY-MM-DD'));
insert into flewon values ('AA108', 'cust528', to_date('2010-01-02', 'YYYY-MM-DD'));
insert into flewon values ('AA101', 'cust227', to_date('2010-01-06', 'YYYY-MM-DD'));
insert into flewon values ('UA102', 'cust235', to_date('2010-01-06', 'YYYY-MM-DD'));
insert into flewon values ('AA101', 'cust84', to_date('2010-01-02', 'YYYY-MM-DD'));
insert into flewon values ('AA101', 'cust580', to_date('2010-01-06', 'YYYY-MM-DD'));
insert into flewon values ('DL211', 'cust7', to_date('2010-01-01', 'YYYY-MM-DD'));
insert into flewon values ('SW127', 'cust6', to_date('2010-01-03', 'YYYY-MM-DD'));
insert into flewon values ('UA237', 'cust38', to_date('2010-01-01', 'YYYY-MM-DD'));
insert into flewon values ('UA231', 'cust200', to_date('2010-01-09', 'YYYY-MM-DD'));
insert into flewon values ('AA101', 'cust71', to_date('2010-01-04', 'YYYY-MM-DD'));
insert into flewon values ('DL121', 'cust22', to_date('2010-01-07', 'YYYY-MM-DD'));
insert into flewon values ('UA102', 'cust20', to_date('2010-01-04', 'YYYY-MM-DD'));
insert into flewon values ('SW109', 'cust654', to_date('2010-01-01', 'YYYY-MM-DD'));
insert into flewon values ('SW107', 'cust387', to_date('2010-01-08', 'YYYY-MM-DD'));
insert into flewon values ('SW230', 'cust68', to_date('2010-01-03', 'YYYY-MM-DD'));
insert into flewon values ('DL281', 'cust191', to_date('2010-01-03', 'YYYY-MM-DD'));
insert into flewon values ('UA173', 'cust2', to_date('2010-01-01', 'YYYY-MM-DD'));
insert into flewon values ('UA102', 'cust483', to_date('2010-01-06', 'YYYY-MM-DD'));
insert into flewon values ('NW260', 'cust0', to_date('2010-01-03', 'YYYY-MM-DD'));
insert into flewon values ('DL104', 'cust173', to_date('2010-01-03', 'YYYY-MM-DD'));
insert into flewon values ('SW142', 'cust411', to_date('2010-01-04', 'YYYY-MM-DD'));
insert into flewon values ('SW103', 'cust184', to_date('2010-01-08', 'YYYY-MM-DD'));
insert into flewon values ('AA101', 'cust167', to_date('2010-01-09', 'YYYY-MM-DD'));
insert into flewon values ('SW126', 'cust285', to_date('2010-01-05', 'YYYY-MM-DD'));
insert into flewon values ('UA299', 'cust16', to_date('2010-01-03', 'YYYY-MM-DD'));
insert into flewon values ('SW111', 'cust548', to_date('2010-01-02', 'YYYY-MM-DD'));
insert into flewon values ('SW142', 'cust148', to_date('2010-01-08', 'YYYY-MM-DD'));
insert into flewon values ('SW107', 'cust424', to_date('2010-01-08', 'YYYY-MM-DD'));
insert into flewon values ('SW187', 'cust195', to_date('2010-01-03', 'YYYY-MM-DD'));
insert into flewon values ('AA129', 'cust0', to_date('2010-01-01', 'YYYY-MM-DD'));
insert into flewon values ('SW132', 'cust658', to_date('2010-01-05', 'YYYY-MM-DD'));
insert into flewon values ('AA101', 'cust179', to_date('2010-01-01', 'YYYY-MM-DD'));
insert into flewon values ('SW107', 'cust2', to_date('2010-01-04', 'YYYY-MM-DD'));
insert into flewon values ('AA110', 'cust291', to_date('2010-01-08', 'YYYY-MM-DD'));
insert into flewon values ('UA115', 'cust348', to_date('2010-01-02', 'YYYY-MM-DD'));
insert into flewon values ('UA102', 'cust379', to_date('2010-01-04', 'YYYY-MM-DD'));
insert into flewon values ('SW103', 'cust172', to_date('2010-01-06', 'YYYY-MM-DD'));
insert into flewon values ('AA101', 'cust273', to_date('2010-01-04', 'YYYY-MM-DD'));
insert into flewon values ('AA159', 'cust1', to_date('2010-01-01', 'YYYY-MM-DD'));
insert into flewon values ('AA101', 'cust151', to_date('2010-01-06', 'YYYY-MM-DD'));
insert into flewon values ('DL157', 'cust500', to_date('2010-01-07', 'YYYY-MM-DD'));
insert into flewon values ('SW191', 'cust573', to_date('2010-01-07', 'YYYY-MM-DD'));
insert into flewon values ('UA102', 'cust250', to_date('2010-01-09', 'YYYY-MM-DD'));
insert into flewon values ('SW262', 'cust591', to_date('2010-01-02', 'YYYY-MM-DD'));
insert into flewon values ('NW180', 'cust164', to_date('2010-01-08', 'YYYY-MM-DD'));
insert into flewon values ('AA240', 'cust431', to_date('2010-01-07', 'YYYY-MM-DD'));
insert into flewon values ('SW273', 'cust18', to_date('2010-01-02', 'YYYY-MM-DD'));
insert into flewon values ('SW270', 'cust586', to_date('2010-01-01', 'YYYY-MM-DD'));
insert into flewon values ('DL248', 'cust239', to_date('2010-01-01', 'YYYY-MM-DD'));
insert into flewon values ('NW175', 'cust2', to_date('2010-01-03', 'YYYY-MM-DD'));
insert into flewon values ('AA101', 'cust36', to_date('2010-01-09', 'YYYY-MM-DD'));
insert into flewon values ('AA106', 'cust283', to_date('2010-01-04', 'YYYY-MM-DD'));
insert into flewon values ('DL238', 'cust644', to_date('2010-01-07', 'YYYY-MM-DD'));
insert into flewon values ('NW138', 'cust151', to_date('2010-01-05', 'YYYY-MM-DD'));
insert into flewon values ('SW132', 'cust41', to_date('2010-01-04', 'YYYY-MM-DD'));
insert into flewon values ('SW152', 'cust700', to_date('2010-01-01', 'YYYY-MM-DD'));
insert into flewon values ('DL104', 'cust19', to_date('2010-01-01', 'YYYY-MM-DD'));
insert into flewon values ('AA101', 'cust253', to_date('2010-01-01', 'YYYY-MM-DD'));
insert into flewon values ('SW103', 'cust116', to_date('2010-01-09', 'YYYY-MM-DD'));
insert into flewon values ('AA106', 'cust312', to_date('2010-01-05', 'YYYY-MM-DD'));
insert into flewon values ('NW141', 'cust0', to_date('2010-01-08', 'YYYY-MM-DD'));
insert into flewon values ('DL104', 'cust183', to_date('2010-01-06', 'YYYY-MM-DD'));
insert into flewon values ('AA101', 'cust1', to_date('2010-01-08', 'YYYY-MM-DD'));
insert into flewon values ('AA101', 'cust144', to_date('2010-01-03', 'YYYY-MM-DD'));
insert into flewon values ('UA123', 'cust17', to_date('2010-01-01', 'YYYY-MM-DD'));
insert into flewon values ('AA101', 'cust89', to_date('2010-01-08', 'YYYY-MM-DD'));
insert into flewon values ('SW196', 'cust178', to_date('2010-01-07', 'YYYY-MM-DD'));
insert into flewon values ('AA108', 'cust426', to_date('2010-01-05', 'YYYY-MM-DD'));
insert into flewon values ('AA101', 'cust710', to_date('2010-01-04', 'YYYY-MM-DD'));
insert into flewon values ('SW167', 'cust715', to_date('2010-01-05', 'YYYY-MM-DD'));
insert into flewon values ('NW253', 'cust192', to_date('2010-01-06', 'YYYY-MM-DD'));
insert into flewon values ('AA279', 'cust217', to_date('2010-01-05', 'YYYY-MM-DD'));
insert into flewon values ('AA101', 'cust92', to_date('2010-01-07', 'YYYY-MM-DD'));
insert into flewon values ('US136', 'cust394', to_date('2010-01-04', 'YYYY-MM-DD'));
insert into flewon values ('AA293', 'cust293', to_date('2010-01-08', 'YYYY-MM-DD'));
insert into flewon values ('UA118', 'cust127', to_date('2010-01-08', 'YYYY-MM-DD'));
insert into flewon values ('AA106', 'cust99', to_date('2010-01-04', 'YYYY-MM-DD'));
insert into flewon values ('NW194', 'cust3', to_date('2010-01-02', 'YYYY-MM-DD'));
insert into flewon values ('SW200', 'cust335', to_date('2010-01-03', 'YYYY-MM-DD'));
insert into flewon values ('SW274', 'cust713', to_date('2010-01-04', 'YYYY-MM-DD'));
insert into flewon values ('AA101', 'cust241', to_date('2010-01-01', 'YYYY-MM-DD'));
insert into flewon values ('AA108', 'cust630', to_date('2010-01-07', 'YYYY-MM-DD'));
insert into flewon values ('AA101', 'cust5', to_date('2010-01-02', 'YYYY-MM-DD'));
insert into flewon values ('US105', 'cust268', to_date('2010-01-09', 'YYYY-MM-DD'));
insert into flewon values ('AA101', 'cust116', to_date('2010-01-02', 'YYYY-MM-DD'));
insert into flewon values ('SW246', 'cust89', to_date('2010-01-07', 'YYYY-MM-DD'));
insert into flewon values ('AA217', 'cust699', to_date('2010-01-06', 'YYYY-MM-DD'));
insert into flewon values ('DL104', 'cust383', to_date('2010-01-03', 'YYYY-MM-DD'));
insert into flewon values ('SW165', 'cust14', to_date('2010-01-01', 'YYYY-MM-DD'));
insert into flewon values ('AA101', 'cust1', to_date('2010-01-09', 'YYYY-MM-DD'));
insert into flewon values ('AA101', 'cust20', to_date('2010-01-03', 'YYYY-MM-DD'));
insert into flewon values ('AA108', 'cust595', to_date('2010-01-09', 'YYYY-MM-DD'));
insert into flewon values ('SW107', 'cust68', to_date('2010-01-02', 'YYYY-MM-DD'));
insert into flewon values ('US255', 'cust670', to_date('2010-01-04', 'YYYY-MM-DD'));
insert into flewon values ('NW221', 'cust20', to_date('2010-01-09', 'YYYY-MM-DD'));
insert into flewon values ('SW235', 'cust27', to_date('2010-01-03', 'YYYY-MM-DD'));
insert into flewon values ('SW107', 'cust683', to_date('2010-01-06', 'YYYY-MM-DD'));
insert into flewon values ('SW109', 'cust155', to_date('2010-01-06', 'YYYY-MM-DD'));
insert into flewon values ('NW253', 'cust106', to_date('2010-01-03', 'YYYY-MM-DD'));
insert into flewon values ('SW125', 'cust42', to_date('2010-01-01', 'YYYY-MM-DD'));
insert into flewon values ('AA106', 'cust85', to_date('2010-01-04', 'YYYY-MM-DD'));
insert into flewon values ('SW187', 'cust80', to_date('2010-01-04', 'YYYY-MM-DD'));
insert into flewon values ('SW142', 'cust443', to_date('2010-01-03', 'YYYY-MM-DD'));
insert into flewon values ('SW109', 'cust237', to_date('2010-01-09', 'YYYY-MM-DD'));
insert into flewon values ('AA113', 'cust736', to_date('2010-01-03', 'YYYY-MM-DD'));
insert into flewon values ('SW103', 'cust103', to_date('2010-01-05', 'YYYY-MM-DD'));
insert into flewon values ('NW141', 'cust626', to_date('2010-01-04', 'YYYY-MM-DD'));
insert into flewon values ('NW186', 'cust11', to_date('2010-01-01', 'YYYY-MM-DD'));
insert into flewon values ('UA115', 'cust241', to_date('2010-01-06', 'YYYY-MM-DD'));
insert into flewon values ('DL158', 'cust4', to_date('2010-01-09', 'YYYY-MM-DD'));
insert into flewon values ('AA101', 'cust19', to_date('2010-01-03', 'YYYY-MM-DD'));
insert into flewon values ('US265', 'cust519', to_date('2010-01-04', 'YYYY-MM-DD'));
insert into flewon values ('NW188', 'cust175', to_date('2010-01-06', 'YYYY-MM-DD'));
insert into flewon values ('AA101', 'cust38', to_date('2010-01-03', 'YYYY-MM-DD'));
insert into flewon values ('DL247', 'cust427', to_date('2010-01-08', 'YYYY-MM-DD'));
insert into flewon values ('US136', 'cust11', to_date('2010-01-03', 'YYYY-MM-DD'));
insert into flewon values ('US105', 'cust549', to_date('2010-01-07', 'YYYY-MM-DD'));
insert into flewon values ('UA118', 'cust37', to_date('2010-01-08', 'YYYY-MM-DD'));
insert into flewon values ('UA123', 'cust458', to_date('2010-01-07', 'YYYY-MM-DD'));
insert into flewon values ('AA101', 'cust529', to_date('2010-01-01', 'YYYY-MM-DD'));
insert into flewon values ('SW111', 'cust77', to_date('2010-01-05', 'YYYY-MM-DD'));
insert into flewon values ('AA110', 'cust104', to_date('2010-01-09', 'YYYY-MM-DD'));
insert into flewon values ('AA101', 'cust594', to_date('2010-01-06', 'YYYY-MM-DD'));
insert into flewon values ('AA101', 'cust715', to_date('2010-01-01', 'YYYY-MM-DD'));
insert into flewon values ('UA164', 'cust266', to_date('2010-01-06', 'YYYY-MM-DD'));
insert into flewon values ('SW103', 'cust503', to_date('2010-01-03', 'YYYY-MM-DD'));
insert into flewon values ('AA101', 'cust520', to_date('2010-01-08', 'YYYY-MM-DD'));
insert into flewon values ('SW132', 'cust9', to_date('2010-01-01', 'YYYY-MM-DD'));
insert into flewon values ('SW109', 'cust247', to_date('2010-01-02', 'YYYY-MM-DD'));
insert into flewon values ('AA101', 'cust292', to_date('2010-01-04', 'YYYY-MM-DD'));
insert into flewon values ('SW132', 'cust399', to_date('2010-01-09', 'YYYY-MM-DD'));
insert into flewon values ('SW166', 'cust449', to_date('2010-01-02', 'YYYY-MM-DD'));
insert into flewon values ('AA101', 'cust192', to_date('2010-01-07', 'YYYY-MM-DD'));
insert into flewon values ('DL197', 'cust533', to_date('2010-01-08', 'YYYY-MM-DD'));
insert into flewon values ('UA118', 'cust423', to_date('2010-01-07', 'YYYY-MM-DD'));
insert into flewon values ('AA101', 'cust15', to_date('2010-01-08', 'YYYY-MM-DD'));
insert into flewon values ('CO137', 'cust528', to_date('2010-01-01', 'YYYY-MM-DD'));
insert into flewon values ('DL144', 'cust596', to_date('2010-01-06', 'YYYY-MM-DD'));
insert into flewon values ('AA106', 'cust97', to_date('2010-01-07', 'YYYY-MM-DD'));
insert into flewon values ('US105', 'cust34', to_date('2010-01-05', 'YYYY-MM-DD'));
insert into flewon values ('AA122', 'cust488', to_date('2010-01-05', 'YYYY-MM-DD'));
insert into flewon values ('US105', 'cust460', to_date('2010-01-08', 'YYYY-MM-DD'));
insert into flewon values ('AA101', 'cust108', to_date('2010-01-06', 'YYYY-MM-DD'));
insert into flewon values ('DL121', 'cust24', to_date('2010-01-05', 'YYYY-MM-DD'));
insert into flewon values ('UA115', 'cust265', to_date('2010-01-06', 'YYYY-MM-DD'));
insert into flewon values ('SW183', 'cust139', to_date('2010-01-05', 'YYYY-MM-DD'));
insert into flewon values ('UA164', 'cust505', to_date('2010-01-03', 'YYYY-MM-DD'));
insert into flewon values ('DL104', 'cust661', to_date('2010-01-04', 'YYYY-MM-DD'));
insert into flewon values ('UA102', 'cust119', to_date('2010-01-01', 'YYYY-MM-DD'));
insert into flewon values ('AA101', 'cust96', to_date('2010-01-07', 'YYYY-MM-DD'));
insert into flewon values ('SW165', 'cust1', to_date('2010-01-02', 'YYYY-MM-DD'));
insert into flewon values ('DL261', 'cust377', to_date('2010-01-07', 'YYYY-MM-DD'));
insert into flewon values ('SW117', 'cust97', to_date('2010-01-08', 'YYYY-MM-DD'));
insert into flewon values ('AA108', 'cust8', to_date('2010-01-03', 'YYYY-MM-DD'));
insert into flewon values ('AA101', 'cust87', to_date('2010-01-08', 'YYYY-MM-DD'));
insert into flewon values ('SW125', 'cust435', to_date('2010-01-06', 'YYYY-MM-DD'));
insert into flewon values ('AA106', 'cust503', to_date('2010-01-02', 'YYYY-MM-DD'));
insert into flewon values ('DL204', 'cust633', to_date('2010-01-06', 'YYYY-MM-DD'));
insert into flewon values ('AA159', 'cust1', to_date('2010-01-04', 'YYYY-MM-DD'));
insert into flewon values ('AA101', 'cust512', to_date('2010-01-09', 'YYYY-MM-DD'));
insert into flewon values ('AA101', 'cust0', to_date('2010-01-09', 'YYYY-MM-DD'));
insert into flewon values ('SW162', 'cust396', to_date('2010-01-08', 'YYYY-MM-DD'));
insert into flewon values ('SW109', 'cust35', to_date('2010-01-07', 'YYYY-MM-DD'));
insert into flewon values ('UA164', 'cust62', to_date('2010-01-04', 'YYYY-MM-DD'));
insert into flewon values ('AA101', 'cust248', to_date('2010-01-02', 'YYYY-MM-DD'));
insert into flewon values ('US105', 'cust115', to_date('2010-01-02', 'YYYY-MM-DD'));
insert into flewon values ('DL104', 'cust448', to_date('2010-01-05', 'YYYY-MM-DD'));
insert into flewon values ('AA101', 'cust201', to_date('2010-01-02', 'YYYY-MM-DD'));
insert into flewon values ('SW259', 'cust264', to_date('2010-01-08', 'YYYY-MM-DD'));
insert into flewon values ('AA101', 'cust31', to_date('2010-01-05', 'YYYY-MM-DD'));
insert into flewon values ('SW187', 'cust476', to_date('2010-01-06', 'YYYY-MM-DD'));
insert into flewon values ('AA101', 'cust536', to_date('2010-01-08', 'YYYY-MM-DD'));
insert into flewon values ('AA101', 'cust24', to_date('2010-01-08', 'YYYY-MM-DD'));
insert into flewon values ('SW230', 'cust366', to_date('2010-01-01', 'YYYY-MM-DD'));
insert into flewon values ('CO285', 'cust228', to_date('2010-01-01', 'YYYY-MM-DD'));
insert into flewon values ('DL158', 'cust395', to_date('2010-01-02', 'YYYY-MM-DD'));
insert into flewon values ('UA182', 'cust39', to_date('2010-01-04', 'YYYY-MM-DD'));
insert into flewon values ('CO116', 'cust440', to_date('2010-01-04', 'YYYY-MM-DD'));
insert into flewon values ('US105', 'cust12', to_date('2010-01-08', 'YYYY-MM-DD'));
insert into flewon values ('UA286', 'cust190', to_date('2010-01-01', 'YYYY-MM-DD'));
insert into flewon values ('UA223', 'cust232', to_date('2010-01-09', 'YYYY-MM-DD'));
insert into flewon values ('UA118', 'cust146', to_date('2010-01-04', 'YYYY-MM-DD'));
insert into flewon values ('AA101', 'cust152', to_date('2010-01-02', 'YYYY-MM-DD'));
insert into flewon values ('UA102', 'cust58', to_date('2010-01-09', 'YYYY-MM-DD'));
insert into flewon values ('NW221', 'cust15', to_date('2010-01-07', 'YYYY-MM-DD'));
insert into flewon values ('AA113', 'cust13', to_date('2010-01-05', 'YYYY-MM-DD'));
insert into flewon values ('AA101', 'cust102', to_date('2010-01-02', 'YYYY-MM-DD'));
insert into flewon values ('SW107', 'cust408', to_date('2010-01-05', 'YYYY-MM-DD'));
insert into flewon values ('SW103', 'cust26', to_date('2010-01-04', 'YYYY-MM-DD'));
insert into flewon values ('SW210', 'cust92', to_date('2010-01-04', 'YYYY-MM-DD'));
insert into flewon values ('UA118', 'cust735', to_date('2010-01-09', 'YYYY-MM-DD'));
insert into flewon values ('AA101', 'cust200', to_date('2010-01-06', 'YYYY-MM-DD'));
insert into flewon values ('SW103', 'cust1', to_date('2010-01-03', 'YYYY-MM-DD'));
insert into flewon values ('UA102', 'cust91', to_date('2010-01-02', 'YYYY-MM-DD'));
insert into flewon values ('AA101', 'cust603', to_date('2010-01-05', 'YYYY-MM-DD'));
insert into flewon values ('SW109', 'cust111', to_date('2010-01-05', 'YYYY-MM-DD'));
insert into flewon values ('UA118', 'cust60', to_date('2010-01-04', 'YYYY-MM-DD'));
insert into flewon values ('UA102', 'cust537', to_date('2010-01-02', 'YYYY-MM-DD'));
insert into flewon values ('US160', 'cust11', to_date('2010-01-08', 'YYYY-MM-DD'));
insert into flewon values ('UA102', 'cust314', to_date('2010-01-07', 'YYYY-MM-DD'));
insert into flewon values ('SW127', 'cust480', to_date('2010-01-07', 'YYYY-MM-DD'));
insert into flewon values ('AA108', 'cust99', to_date('2010-01-05', 'YYYY-MM-DD'));
insert into flewon values ('SW131', 'cust536', to_date('2010-01-07', 'YYYY-MM-DD'));
insert into flewon values ('UA102', 'cust5', to_date('2010-01-03', 'YYYY-MM-DD'));
insert into flewon values ('SW109', 'cust208', to_date('2010-01-02', 'YYYY-MM-DD'));
insert into flewon values ('SW109', 'cust371', to_date('2010-01-04', 'YYYY-MM-DD'));
insert into flewon values ('AA110', 'cust2', to_date('2010-01-06', 'YYYY-MM-DD'));
insert into flewon values ('AA101', 'cust341', to_date('2010-01-02', 'YYYY-MM-DD'));
insert into flewon values ('UA182', 'cust649', to_date('2010-01-08', 'YYYY-MM-DD'));
insert into flewon values ('AA101', 'cust9', to_date('2010-01-02', 'YYYY-MM-DD'));
insert into flewon values ('DL121', 'cust153', to_date('2010-01-03', 'YYYY-MM-DD'));
insert into flewon values ('NW221', 'cust194', to_date('2010-01-03', 'YYYY-MM-DD'));
insert into flewon values ('UA102', 'cust0', to_date('2010-01-05', 'YYYY-MM-DD'));
insert into flewon values ('SW208', 'cust102', to_date('2010-01-05', 'YYYY-MM-DD'));
insert into flewon values ('UA231', 'cust100', to_date('2010-01-05', 'YYYY-MM-DD'));
insert into flewon values ('NW141', 'cust577', to_date('2010-01-06', 'YYYY-MM-DD'));
insert into flewon values ('NW138', 'cust83', to_date('2010-01-04', 'YYYY-MM-DD'));
insert into flewon values ('SW125', 'cust491', to_date('2010-01-07', 'YYYY-MM-DD'));
insert into flewon values ('NW188', 'cust134', to_date('2010-01-01', 'YYYY-MM-DD'));
insert into flewon values ('AA101', 'cust167', to_date('2010-01-08', 'YYYY-MM-DD'));
insert into flewon values ('UA115', 'cust160', to_date('2010-01-05', 'YYYY-MM-DD'));
insert into flewon values ('SW112', 'cust32', to_date('2010-01-06', 'YYYY-MM-DD'));
insert into flewon values ('SW128', 'cust118', to_date('2010-01-06', 'YYYY-MM-DD'));
insert into flewon values ('DL120', 'cust189', to_date('2010-01-06', 'YYYY-MM-DD'));
insert into flewon values ('SW273', 'cust104', to_date('2010-01-02', 'YYYY-MM-DD'));
insert into flewon values ('UA123', 'cust413', to_date('2010-01-01', 'YYYY-MM-DD'));
insert into flewon values ('SW107', 'cust619', to_date('2010-01-03', 'YYYY-MM-DD'));
insert into flewon values ('AA106', 'cust211', to_date('2010-01-01', 'YYYY-MM-DD'));
insert into flewon values ('SW298', 'cust333', to_date('2010-01-07', 'YYYY-MM-DD'));
insert into flewon values ('DL104', 'cust522', to_date('2010-01-07', 'YYYY-MM-DD'));
insert into flewon values ('SW171', 'cust187', to_date('2010-01-09', 'YYYY-MM-DD'));
insert into flewon values ('UA102', 'cust16', to_date('2010-01-05', 'YYYY-MM-DD'));
insert into flewon values ('AA101', 'cust3', to_date('2010-01-08', 'YYYY-MM-DD'));
insert into flewon values ('SW103', 'cust215', to_date('2010-01-03', 'YYYY-MM-DD'));
insert into flewon values ('AA101', 'cust49', to_date('2010-01-06', 'YYYY-MM-DD'));
insert into flewon values ('SW273', 'cust354', to_date('2010-01-03', 'YYYY-MM-DD'));
insert into flewon values ('SW165', 'cust172', to_date('2010-01-04', 'YYYY-MM-DD'));
insert into flewon values ('NW133', 'cust432', to_date('2010-01-04', 'YYYY-MM-DD'));
insert into flewon values ('UA115', 'cust6', to_date('2010-01-05', 'YYYY-MM-DD'));
insert into flewon values ('NW186', 'cust618', to_date('2010-01-09', 'YYYY-MM-DD'));
insert into flewon values ('SW109', 'cust4', to_date('2010-01-02', 'YYYY-MM-DD'));
insert into flewon values ('AA106', 'cust493', to_date('2010-01-07', 'YYYY-MM-DD'));
insert into flewon values ('CO254', 'cust13', to_date('2010-01-04', 'YYYY-MM-DD'));
insert into flewon values ('SW267', 'cust298', to_date('2010-01-06', 'YYYY-MM-DD'));
insert into flewon values ('AA300', 'cust53', to_date('2010-01-08', 'YYYY-MM-DD'));
insert into flewon values ('SW111', 'cust386', to_date('2010-01-04', 'YYYY-MM-DD'));
insert into flewon values ('AA122', 'cust10', to_date('2010-01-05', 'YYYY-MM-DD'));
insert into flewon values ('DL179', 'cust543', to_date('2010-01-02', 'YYYY-MM-DD'));
insert into flewon values ('SW119', 'cust233', to_date('2010-01-04', 'YYYY-MM-DD'));
insert into flewon values ('AA101', 'cust128', to_date('2010-01-08', 'YYYY-MM-DD'));
insert into flewon values ('CO116', 'cust190', to_date('2010-01-03', 'YYYY-MM-DD'));
insert into flewon values ('AA151', 'cust217', to_date('2010-01-07', 'YYYY-MM-DD'));
insert into flewon values ('DL179', 'cust107', to_date('2010-01-04', 'YYYY-MM-DD'));
insert into flewon values ('US105', 'cust8', to_date('2010-01-02', 'YYYY-MM-DD'));
insert into flewon values ('AA108', 'cust561', to_date('2010-01-02', 'YYYY-MM-DD'));
insert into flewon values ('NW141', 'cust724', to_date('2010-01-09', 'YYYY-MM-DD'));
insert into flewon values ('AA240', 'cust560', to_date('2010-01-03', 'YYYY-MM-DD'));
insert into flewon values ('AA101', 'cust649', to_date('2010-01-03', 'YYYY-MM-DD'));
insert into flewon values ('NW253', 'cust687', to_date('2010-01-07', 'YYYY-MM-DD'));
insert into flewon values ('AA108', 'cust58', to_date('2010-01-03', 'YYYY-MM-DD'));
insert into flewon values ('AA110', 'cust466', to_date('2010-01-09', 'YYYY-MM-DD'));
insert into flewon values ('UA102', 'cust652', to_date('2010-01-03', 'YYYY-MM-DD'));
insert into flewon values ('UA102', 'cust83', to_date('2010-01-09', 'YYYY-MM-DD'));
insert into flewon values ('DL104', 'cust381', to_date('2010-01-08', 'YYYY-MM-DD'));
insert into flewon values ('SW274', 'cust113', to_date('2010-01-06', 'YYYY-MM-DD'));
insert into flewon values ('AA287', 'cust123', to_date('2010-01-03', 'YYYY-MM-DD'));
insert into flewon values ('AA101', 'cust337', to_date('2010-01-06', 'YYYY-MM-DD'));
insert into flewon values ('SW125', 'cust37', to_date('2010-01-05', 'YYYY-MM-DD'));
insert into flewon values ('SW162', 'cust336', to_date('2010-01-08', 'YYYY-MM-DD'));
insert into flewon values ('AA101', 'cust513', to_date('2010-01-02', 'YYYY-MM-DD'));
insert into flewon values ('DL261', 'cust342', to_date('2010-01-03', 'YYYY-MM-DD'));
insert into flewon values ('AA101', 'cust106', to_date('2010-01-05', 'YYYY-MM-DD'));
insert into flewon values ('AA101', 'cust291', to_date('2010-01-04', 'YYYY-MM-DD'));
insert into flewon values ('UA115', 'cust265', to_date('2010-01-04', 'YYYY-MM-DD'));
insert into flewon values ('SW199', 'cust26', to_date('2010-01-01', 'YYYY-MM-DD'));
insert into flewon values ('AA108', 'cust48', to_date('2010-01-02', 'YYYY-MM-DD'));
insert into flewon values ('UA118', 'cust431', to_date('2010-01-08', 'YYYY-MM-DD'));
insert into flewon values ('CO285', 'cust33', to_date('2010-01-02', 'YYYY-MM-DD'));
insert into flewon values ('AA114', 'cust705', to_date('2010-01-05', 'YYYY-MM-DD'));
insert into flewon values ('AA293', 'cust44', to_date('2010-01-07', 'YYYY-MM-DD'));
insert into flewon values ('SW119', 'cust271', to_date('2010-01-01', 'YYYY-MM-DD'));
insert into flewon values ('NW188', 'cust37', to_date('2010-01-07', 'YYYY-MM-DD'));
insert into flewon values ('AA113', 'cust513', to_date('2010-01-04', 'YYYY-MM-DD'));
insert into flewon values ('US136', 'cust169', to_date('2010-01-01', 'YYYY-MM-DD'));
insert into flewon values ('SW167', 'cust316', to_date('2010-01-07', 'YYYY-MM-DD'));
insert into flewon values ('SW155', 'cust576', to_date('2010-01-07', 'YYYY-MM-DD'));
insert into flewon values ('DL154', 'cust135', to_date('2010-01-09', 'YYYY-MM-DD'));
insert into flewon values ('SW210', 'cust723', to_date('2010-01-04', 'YYYY-MM-DD'));
insert into flewon values ('DL257', 'cust388', to_date('2010-01-06', 'YYYY-MM-DD'));
insert into flewon values ('DL154', 'cust73', to_date('2010-01-01', 'YYYY-MM-DD'));
insert into flewon values ('US135', 'cust0', to_date('2010-01-07', 'YYYY-MM-DD'));
insert into flewon values ('SW290', 'cust5', to_date('2010-01-07', 'YYYY-MM-DD'));
insert into flewon values ('SW183', 'cust477', to_date('2010-01-07', 'YYYY-MM-DD'));
insert into flewon values ('AA114', 'cust418', to_date('2010-01-03', 'YYYY-MM-DD'));
insert into flewon values ('UA123', 'cust91', to_date('2010-01-03', 'YYYY-MM-DD'));
insert into flewon values ('NW253', 'cust12', to_date('2010-01-09', 'YYYY-MM-DD'));
insert into flewon values ('SW165', 'cust27', to_date('2010-01-01', 'YYYY-MM-DD'));
insert into flewon values ('SW132', 'cust13', to_date('2010-01-01', 'YYYY-MM-DD'));
insert into flewon values ('AA101', 'cust242', to_date('2010-01-02', 'YYYY-MM-DD'));
insert into flewon values ('SW111', 'cust311', to_date('2010-01-06', 'YYYY-MM-DD'));
insert into flewon values ('DL206', 'cust45', to_date('2010-01-01', 'YYYY-MM-DD'));
insert into flewon values ('CO116', 'cust94', to_date('2010-01-01', 'YYYY-MM-DD'));
insert into flewon values ('US136', 'cust7', to_date('2010-01-07', 'YYYY-MM-DD'));
insert into flewon values ('SW270', 'cust626', to_date('2010-01-01', 'YYYY-MM-DD'));
insert into flewon values ('AA101', 'cust36', to_date('2010-01-06', 'YYYY-MM-DD'));
insert into flewon values ('AA159', 'cust339', to_date('2010-01-06', 'YYYY-MM-DD'));
insert into flewon values ('NW143', 'cust36', to_date('2010-01-08', 'YYYY-MM-DD'));
insert into flewon values ('AA101', 'cust581', to_date('2010-01-02', 'YYYY-MM-DD'));
insert into flewon values ('US105', 'cust637', to_date('2010-01-09', 'YYYY-MM-DD'));
insert into flewon values ('DL220', 'cust608', to_date('2010-01-01', 'YYYY-MM-DD'));
insert into flewon values ('NW213', 'cust224', to_date('2010-01-07', 'YYYY-MM-DD'));
insert into flewon values ('DL104', 'cust26', to_date('2010-01-09', 'YYYY-MM-DD'));
insert into flewon values ('AA101', 'cust23', to_date('2010-01-05', 'YYYY-MM-DD'));
insert into flewon values ('AA129', 'cust9', to_date('2010-01-04', 'YYYY-MM-DD'));
insert into flewon values ('DL247', 'cust135', to_date('2010-01-01', 'YYYY-MM-DD'));
insert into flewon values ('AA101', 'cust122', to_date('2010-01-07', 'YYYY-MM-DD'));
insert into flewon values ('NW180', 'cust694', to_date('2010-01-06', 'YYYY-MM-DD'));
insert into flewon values ('NW141', 'cust204', to_date('2010-01-03', 'YYYY-MM-DD'));
insert into flewon values ('SW103', 'cust16', to_date('2010-01-02', 'YYYY-MM-DD'));
insert into flewon values ('AA101', 'cust192', to_date('2010-01-05', 'YYYY-MM-DD'));
insert into flewon values ('SW274', 'cust649', to_date('2010-01-02', 'YYYY-MM-DD'));
insert into flewon values ('AA114', 'cust37', to_date('2010-01-04', 'YYYY-MM-DD'));
insert into flewon values ('SW131', 'cust159', to_date('2010-01-03', 'YYYY-MM-DD'));
insert into flewon values ('SW187', 'cust216', to_date('2010-01-06', 'YYYY-MM-DD'));
insert into flewon values ('SW205', 'cust309', to_date('2010-01-05', 'YYYY-MM-DD'));
insert into flewon values ('AA106', 'cust348', to_date('2010-01-06', 'YYYY-MM-DD'));
insert into flewon values ('NW226', 'cust5', to_date('2010-01-05', 'YYYY-MM-DD'));
insert into flewon values ('NW148', 'cust320', to_date('2010-01-04', 'YYYY-MM-DD'));
insert into flewon values ('AA101', 'cust363', to_date('2010-01-05', 'YYYY-MM-DD'));
insert into flewon values ('AA108', 'cust27', to_date('2010-01-08', 'YYYY-MM-DD'));
insert into flewon values ('UA102', 'cust21', to_date('2010-01-02', 'YYYY-MM-DD'));
insert into flewon values ('NW175', 'cust3', to_date('2010-01-03', 'YYYY-MM-DD'));
insert into flewon values ('SW273', 'cust107', to_date('2010-01-09', 'YYYY-MM-DD'));
insert into flewon values ('SW134', 'cust139', to_date('2010-01-07', 'YYYY-MM-DD'));
insert into flewon values ('UA299', 'cust212', to_date('2010-01-04', 'YYYY-MM-DD'));
insert into flewon values ('DL245', 'cust105', to_date('2010-01-08', 'YYYY-MM-DD'));
insert into flewon values ('NW141', 'cust2', to_date('2010-01-07', 'YYYY-MM-DD'));
insert into flewon values ('AA288', 'cust317', to_date('2010-01-03', 'YYYY-MM-DD'));
insert into flewon values ('AA114', 'cust79', to_date('2010-01-04', 'YYYY-MM-DD'));
insert into flewon values ('DL222', 'cust602', to_date('2010-01-05', 'YYYY-MM-DD'));
insert into flewon values ('SW117', 'cust221', to_date('2010-01-07', 'YYYY-MM-DD'));
insert into flewon values ('NW124', 'cust20', to_date('2010-01-05', 'YYYY-MM-DD'));
insert into flewon values ('SW193', 'cust618', to_date('2010-01-03', 'YYYY-MM-DD'));
insert into flewon values ('SW202', 'cust180', to_date('2010-01-03', 'YYYY-MM-DD'));
insert into flewon values ('SW103', 'cust401', to_date('2010-01-06', 'YYYY-MM-DD'));
insert into flewon values ('NW277', 'cust82', to_date('2010-01-06', 'YYYY-MM-DD'));
insert into flewon values ('NW277', 'cust46', to_date('2010-01-09', 'YYYY-MM-DD'));
insert into flewon values ('UA118', 'cust353', to_date('2010-01-03', 'YYYY-MM-DD'));
insert into flewon values ('AA106', 'cust58', to_date('2010-01-06', 'YYYY-MM-DD'));
insert into flewon values ('AA272', 'cust0', to_date('2010-01-06', 'YYYY-MM-DD'));
insert into flewon values ('UA102', 'cust662', to_date('2010-01-05', 'YYYY-MM-DD'));
insert into flewon values ('AA101', 'cust78', to_date('2010-01-05', 'YYYY-MM-DD'));
insert into flewon values ('DL206', 'cust459', to_date('2010-01-01', 'YYYY-MM-DD'));
insert into flewon values ('CO189', 'cust262', to_date('2010-01-09', 'YYYY-MM-DD'));
insert into flewon values ('DL120', 'cust333', to_date('2010-01-03', 'YYYY-MM-DD'));
insert into flewon values ('UA170', 'cust89', to_date('2010-01-01', 'YYYY-MM-DD'));
insert into flewon values ('SW196', 'cust55', to_date('2010-01-03', 'YYYY-MM-DD'));
insert into flewon values ('SW199', 'cust295', to_date('2010-01-03', 'YYYY-MM-DD'));
insert into flewon values ('SW131', 'cust555', to_date('2010-01-08', 'YYYY-MM-DD'));
insert into flewon values ('SW130', 'cust523', to_date('2010-01-06', 'YYYY-MM-DD'));
insert into flewon values ('DL104', 'cust375', to_date('2010-01-09', 'YYYY-MM-DD'));
insert into flewon values ('SW165', 'cust215', to_date('2010-01-01', 'YYYY-MM-DD'));
insert into flewon values ('CO137', 'cust25', to_date('2010-01-09', 'YYYY-MM-DD'));
insert into flewon values ('AA101', 'cust178', to_date('2010-01-06', 'YYYY-MM-DD'));
insert into flewon values ('DL248', 'cust627', to_date('2010-01-06', 'YYYY-MM-DD'));
insert into flewon values ('UA182', 'cust122', to_date('2010-01-09', 'YYYY-MM-DD'));
insert into flewon values ('SW200', 'cust27', to_date('2010-01-04', 'YYYY-MM-DD'));
insert into flewon values ('AA101', 'cust2', to_date('2010-01-09', 'YYYY-MM-DD'));
insert into flewon values ('UA231', 'cust65', to_date('2010-01-04', 'YYYY-MM-DD'));
insert into flewon values ('DL104', 'cust571', to_date('2010-01-05', 'YYYY-MM-DD'));
insert into flewon values ('DL157', 'cust54', to_date('2010-01-07', 'YYYY-MM-DD'));
insert into flewon values ('SW214', 'cust381', to_date('2010-01-01', 'YYYY-MM-DD'));
insert into flewon values ('SW165', 'cust100', to_date('2010-01-06', 'YYYY-MM-DD'));
insert into flewon values ('DL211', 'cust28', to_date('2010-01-08', 'YYYY-MM-DD'));
insert into flewon values ('SW171', 'cust236', to_date('2010-01-06', 'YYYY-MM-DD'));
insert into flewon values ('SW168', 'cust121', to_date('2010-01-05', 'YYYY-MM-DD'));
insert into flewon values ('AA161', 'cust422', to_date('2010-01-09', 'YYYY-MM-DD'));
insert into flewon values ('UA286', 'cust462', to_date('2010-01-04', 'YYYY-MM-DD'));
insert into flewon values ('SW152', 'cust110', to_date('2010-01-02', 'YYYY-MM-DD'));
insert into flewon values ('AA101', 'cust456', to_date('2010-01-02', 'YYYY-MM-DD'));
insert into flewon values ('SW267', 'cust59', to_date('2010-01-01', 'YYYY-MM-DD'));
insert into flewon values ('UA164', 'cust240', to_date('2010-01-01', 'YYYY-MM-DD'));
insert into flewon values ('SW169', 'cust671', to_date('2010-01-04', 'YYYY-MM-DD'));
insert into flewon values ('SW210', 'cust195', to_date('2010-01-08', 'YYYY-MM-DD'));
insert into flewon values ('DL157', 'cust330', to_date('2010-01-01', 'YYYY-MM-DD'));
insert into flewon values ('DL104', 'cust250', to_date('2010-01-06', 'YYYY-MM-DD'));
insert into flewon values ('US105', 'cust143', to_date('2010-01-01', 'YYYY-MM-DD'));
insert into flewon values ('UA115', 'cust707', to_date('2010-01-05', 'YYYY-MM-DD'));
insert into flewon values ('UA118', 'cust3', to_date('2010-01-07', 'YYYY-MM-DD'));
insert into flewon values ('AA106', 'cust513', to_date('2010-01-07', 'YYYY-MM-DD'));
insert into flewon values ('SW273', 'cust34', to_date('2010-01-06', 'YYYY-MM-DD'));
insert into flewon values ('DL204', 'cust289', to_date('2010-01-08', 'YYYY-MM-DD'));
insert into flewon values ('SW275', 'cust363', to_date('2010-01-01', 'YYYY-MM-DD'));
insert into flewon values ('SW271', 'cust19', to_date('2010-01-07', 'YYYY-MM-DD'));
insert into flewon values ('SW142', 'cust173', to_date('2010-01-02', 'YYYY-MM-DD'));
insert into flewon values ('SW103', 'cust198', to_date('2010-01-02', 'YYYY-MM-DD'));
insert into flewon values ('NW141', 'cust601', to_date('2010-01-02', 'YYYY-MM-DD'));
insert into flewon values ('SW119', 'cust725', to_date('2010-01-04', 'YYYY-MM-DD'));
insert into flewon values ('DL220', 'cust267', to_date('2010-01-08', 'YYYY-MM-DD'));
insert into flewon values ('AA250', 'cust32', to_date('2010-01-02', 'YYYY-MM-DD'));
insert into flewon values ('AA101', 'cust217', to_date('2010-01-09', 'YYYY-MM-DD'));
insert into flewon values ('AA101', 'cust282', to_date('2010-01-06', 'YYYY-MM-DD'));
insert into flewon values ('US105', 'cust400', to_date('2010-01-09', 'YYYY-MM-DD'));
insert into flewon values ('AA101', 'cust93', to_date('2010-01-03', 'YYYY-MM-DD'));
insert into flewon values ('DL120', 'cust566', to_date('2010-01-09', 'YYYY-MM-DD'));
insert into flewon values ('AA101', 'cust503', to_date('2010-01-07', 'YYYY-MM-DD'));
insert into flewon values ('SW107', 'cust393', to_date('2010-01-04', 'YYYY-MM-DD'));
insert into flewon values ('UA102', 'cust144', to_date('2010-01-05', 'YYYY-MM-DD'));
insert into flewon values ('AA101', 'cust231', to_date('2010-01-05', 'YYYY-MM-DD'));
insert into flewon values ('SW103', 'cust170', to_date('2010-01-08', 'YYYY-MM-DD'));
insert into flewon values ('CO216', 'cust15', to_date('2010-01-05', 'YYYY-MM-DD'));
insert into flewon values ('AA101', 'cust44', to_date('2010-01-05', 'YYYY-MM-DD'));
insert into flewon values ('SW111', 'cust703', to_date('2010-01-04', 'YYYY-MM-DD'));
insert into flewon values ('UA252', 'cust324', to_date('2010-01-08', 'YYYY-MM-DD'));
insert into flewon values ('SW167', 'cust116', to_date('2010-01-01', 'YYYY-MM-DD'));
insert into flewon values ('SW169', 'cust110', to_date('2010-01-06', 'YYYY-MM-DD'));
insert into flewon values ('DL206', 'cust243', to_date('2010-01-06', 'YYYY-MM-DD'));
insert into flewon values ('SW127', 'cust34', to_date('2010-01-04', 'YYYY-MM-DD'));
insert into flewon values ('AA217', 'cust335', to_date('2010-01-07', 'YYYY-MM-DD'));
insert into flewon values ('UA115', 'cust371', to_date('2010-01-02', 'YYYY-MM-DD'));
insert into flewon values ('AA101', 'cust318', to_date('2010-01-09', 'YYYY-MM-DD'));
insert into flewon values ('SW168', 'cust51', to_date('2010-01-06', 'YYYY-MM-DD'));
insert into flewon values ('AA229', 'cust54', to_date('2010-01-01', 'YYYY-MM-DD'));
insert into flewon values ('SW218', 'cust465', to_date('2010-01-01', 'YYYY-MM-DD'));
insert into flewon values ('UA102', 'cust401', to_date('2010-01-03', 'YYYY-MM-DD'));
insert into flewon values ('NW221', 'cust483', to_date('2010-01-05', 'YYYY-MM-DD'));
insert into flewon values ('AA108', 'cust225', to_date('2010-01-02', 'YYYY-MM-DD'));
insert into flewon values ('UA102', 'cust86', to_date('2010-01-05', 'YYYY-MM-DD'));
insert into flewon values ('SW150', 'cust300', to_date('2010-01-05', 'YYYY-MM-DD'));
insert into flewon values ('CO254', 'cust149', to_date('2010-01-03', 'YYYY-MM-DD'));
insert into flewon values ('AA110', 'cust292', to_date('2010-01-05', 'YYYY-MM-DD'));
insert into flewon values ('AA101', 'cust100', to_date('2010-01-07', 'YYYY-MM-DD'));
insert into flewon values ('UA237', 'cust503', to_date('2010-01-09', 'YYYY-MM-DD'));
insert into flewon values ('SW107', 'cust506', to_date('2010-01-04', 'YYYY-MM-DD'));
insert into flewon values ('DL261', 'cust137', to_date('2010-01-04', 'YYYY-MM-DD'));
insert into flewon values ('SW192', 'cust261', to_date('2010-01-02', 'YYYY-MM-DD'));
insert into flewon values ('AA101', 'cust422', to_date('2010-01-03', 'YYYY-MM-DD'));
insert into flewon values ('SW109', 'cust366', to_date('2010-01-06', 'YYYY-MM-DD'));
insert into flewon values ('NW148', 'cust413', to_date('2010-01-04', 'YYYY-MM-DD'));
insert into flewon values ('DL245', 'cust275', to_date('2010-01-06', 'YYYY-MM-DD'));
insert into flewon values ('AA101', 'cust65', to_date('2010-01-03', 'YYYY-MM-DD'));
insert into flewon values ('SW112', 'cust496', to_date('2010-01-02', 'YYYY-MM-DD'));
insert into flewon values ('SW274', 'cust436', to_date('2010-01-04', 'YYYY-MM-DD'));
insert into flewon values ('NW221', 'cust113', to_date('2010-01-02', 'YYYY-MM-DD'));
insert into flewon values ('SW117', 'cust174', to_date('2010-01-04', 'YYYY-MM-DD'));
insert into flewon values ('AA101', 'cust730', to_date('2010-01-09', 'YYYY-MM-DD'));
insert into flewon values ('DL190', 'cust6', to_date('2010-01-07', 'YYYY-MM-DD'));
insert into flewon values ('DL238', 'cust111', to_date('2010-01-09', 'YYYY-MM-DD'));
insert into flewon values ('SW162', 'cust204', to_date('2010-01-01', 'YYYY-MM-DD'));
insert into flewon values ('AA114', 'cust582', to_date('2010-01-05', 'YYYY-MM-DD'));
insert into flewon values ('AA101', 'cust410', to_date('2010-01-08', 'YYYY-MM-DD'));
insert into flewon values ('AA101', 'cust708', to_date('2010-01-04', 'YYYY-MM-DD'));
insert into flewon values ('UA123', 'cust87', to_date('2010-01-06', 'YYYY-MM-DD'));
insert into flewon values ('AA101', 'cust14', to_date('2010-01-08', 'YYYY-MM-DD'));
insert into flewon values ('AA122', 'cust147', to_date('2010-01-08', 'YYYY-MM-DD'));
insert into flewon values ('SW109', 'cust603', to_date('2010-01-07', 'YYYY-MM-DD'));
insert into flewon values ('NW256', 'cust123', to_date('2010-01-06', 'YYYY-MM-DD'));
insert into flewon values ('DL179', 'cust115', to_date('2010-01-03', 'YYYY-MM-DD'));
insert into flewon values ('SW132', 'cust249', to_date('2010-01-03', 'YYYY-MM-DD'));
insert into flewon values ('SW201', 'cust235', to_date('2010-01-09', 'YYYY-MM-DD'));
insert into flewon values ('SW103', 'cust678', to_date('2010-01-06', 'YYYY-MM-DD'));
insert into flewon values ('AA101', 'cust344', to_date('2010-01-09', 'YYYY-MM-DD'));
insert into flewon values ('SW239', 'cust375', to_date('2010-01-03', 'YYYY-MM-DD'));
insert into flewon values ('AA101', 'cust178', to_date('2010-01-09', 'YYYY-MM-DD'));
insert into flewon values ('AA101', 'cust59', to_date('2010-01-07', 'YYYY-MM-DD'));
insert into flewon values ('UA102', 'cust235', to_date('2010-01-05', 'YYYY-MM-DD'));
insert into flewon values ('UA102', 'cust616', to_date('2010-01-05', 'YYYY-MM-DD'));
insert into flewon values ('AA287', 'cust139', to_date('2010-01-02', 'YYYY-MM-DD'));
insert into flewon values ('DL243', 'cust258', to_date('2010-01-06', 'YYYY-MM-DD'));
insert into flewon values ('NW215', 'cust516', to_date('2010-01-06', 'YYYY-MM-DD'));
insert into flewon values ('DL280', 'cust224', to_date('2010-01-01', 'YYYY-MM-DD'));
insert into flewon values ('NW253', 'cust221', to_date('2010-01-01', 'YYYY-MM-DD'));
insert into flewon values ('AA300', 'cust661', to_date('2010-01-05', 'YYYY-MM-DD'));
insert into flewon values ('DL280', 'cust73', to_date('2010-01-05', 'YYYY-MM-DD'));
insert into flewon values ('DL281', 'cust633', to_date('2010-01-05', 'YYYY-MM-DD'));
insert into flewon values ('SW103', 'cust458', to_date('2010-01-01', 'YYYY-MM-DD'));
insert into flewon values ('AA101', 'cust463', to_date('2010-01-06', 'YYYY-MM-DD'));
insert into flewon values ('UA177', 'cust95', to_date('2010-01-09', 'YYYY-MM-DD'));
insert into flewon values ('SW103', 'cust38', to_date('2010-01-06', 'YYYY-MM-DD'));
insert into flewon values ('UA164', 'cust84', to_date('2010-01-04', 'YYYY-MM-DD'));
insert into flewon values ('AA101', 'cust62', to_date('2010-01-07', 'YYYY-MM-DD'));
insert into flewon values ('DL248', 'cust488', to_date('2010-01-02', 'YYYY-MM-DD'));
insert into flewon values ('AA101', 'cust129', to_date('2010-01-06', 'YYYY-MM-DD'));
insert into flewon values ('AA229', 'cust341', to_date('2010-01-09', 'YYYY-MM-DD'));
insert into flewon values ('AA101', 'cust462', to_date('2010-01-08', 'YYYY-MM-DD'));
insert into flewon values ('UA102', 'cust711', to_date('2010-01-06', 'YYYY-MM-DD'));
insert into flewon values ('DL204', 'cust57', to_date('2010-01-08', 'YYYY-MM-DD'));
insert into flewon values ('AA101', 'cust373', to_date('2010-01-05', 'YYYY-MM-DD'));
insert into flewon values ('AA114', 'cust145', to_date('2010-01-08', 'YYYY-MM-DD'));
insert into flewon values ('SW270', 'cust119', to_date('2010-01-07', 'YYYY-MM-DD'));
insert into flewon values ('NW145', 'cust489', to_date('2010-01-01', 'YYYY-MM-DD'));
insert into flewon values ('AA161', 'cust50', to_date('2010-01-07', 'YYYY-MM-DD'));
insert into flewon values ('US241', 'cust3', to_date('2010-01-05', 'YYYY-MM-DD'));
insert into flewon values ('AA101', 'cust358', to_date('2010-01-05', 'YYYY-MM-DD'));
insert into flewon values ('AA101', 'cust306', to_date('2010-01-09', 'YYYY-MM-DD'));
insert into flewon values ('NW188', 'cust736', to_date('2010-01-01', 'YYYY-MM-DD'));
insert into flewon values ('US105', 'cust504', to_date('2010-01-08', 'YYYY-MM-DD'));
insert into flewon values ('NW213', 'cust533', to_date('2010-01-04', 'YYYY-MM-DD'));
insert into flewon values ('SW111', 'cust305', to_date('2010-01-02', 'YYYY-MM-DD'));
insert into flewon values ('SW126', 'cust320', to_date('2010-01-05', 'YYYY-MM-DD'));
insert into flewon values ('NW207', 'cust70', to_date('2010-01-09', 'YYYY-MM-DD'));
insert into flewon values ('AA101', 'cust405', to_date('2010-01-04', 'YYYY-MM-DD'));
insert into flewon values ('DL120', 'cust304', to_date('2010-01-02', 'YYYY-MM-DD'));
insert into flewon values ('US105', 'cust135', to_date('2010-01-04', 'YYYY-MM-DD'));
insert into flewon values ('DL257', 'cust82', to_date('2010-01-07', 'YYYY-MM-DD'));
insert into flewon values ('CO225', 'cust694', to_date('2010-01-03', 'YYYY-MM-DD'));
insert into flewon values ('AA101', 'cust552', to_date('2010-01-06', 'YYYY-MM-DD'));
insert into flewon values ('NW133', 'cust502', to_date('2010-01-03', 'YYYY-MM-DD'));
insert into flewon values ('UA102', 'cust431', to_date('2010-01-04', 'YYYY-MM-DD'));
insert into flewon values ('NW175', 'cust230', to_date('2010-01-04', 'YYYY-MM-DD'));
insert into flewon values ('NW145', 'cust632', to_date('2010-01-06', 'YYYY-MM-DD'));
insert into flewon values ('SW233', 'cust460', to_date('2010-01-02', 'YYYY-MM-DD'));
insert into flewon values ('SW103', 'cust176', to_date('2010-01-03', 'YYYY-MM-DD'));
insert into flewon values ('SW165', 'cust27', to_date('2010-01-05', 'YYYY-MM-DD'));
insert into flewon values ('UA123', 'cust23', to_date('2010-01-03', 'YYYY-MM-DD'));
insert into flewon values ('SW298', 'cust516', to_date('2010-01-08', 'YYYY-MM-DD'));
insert into flewon values ('SW130', 'cust110', to_date('2010-01-08', 'YYYY-MM-DD'));
insert into flewon values ('AA101', 'cust417', to_date('2010-01-07', 'YYYY-MM-DD'));
insert into flewon values ('UA178', 'cust153', to_date('2010-01-05', 'YYYY-MM-DD'));
insert into flewon values ('US135', 'cust535', to_date('2010-01-07', 'YYYY-MM-DD'));
insert into flewon values ('CO185', 'cust326', to_date('2010-01-08', 'YYYY-MM-DD'));
insert into flewon values ('AA101', 'cust322', to_date('2010-01-05', 'YYYY-MM-DD'));
insert into flewon values ('SW270', 'cust17', to_date('2010-01-09', 'YYYY-MM-DD'));
insert into flewon values ('AA101', 'cust361', to_date('2010-01-07', 'YYYY-MM-DD'));
insert into flewon values ('AA101', 'cust343', to_date('2010-01-08', 'YYYY-MM-DD'));
insert into flewon values ('SW103', 'cust678', to_date('2010-01-08', 'YYYY-MM-DD'));
insert into flewon values ('US105', 'cust622', to_date('2010-01-07', 'YYYY-MM-DD'));
insert into flewon values ('SW107', 'cust692', to_date('2010-01-09', 'YYYY-MM-DD'));
insert into flewon values ('SW167', 'cust445', to_date('2010-01-03', 'YYYY-MM-DD'));
insert into flewon values ('AA101', 'cust369', to_date('2010-01-04', 'YYYY-MM-DD'));
insert into flewon values ('CO264', 'cust310', to_date('2010-01-02', 'YYYY-MM-DD'));
insert into flewon values ('AA108', 'cust329', to_date('2010-01-07', 'YYYY-MM-DD'));
insert into flewon values ('AA101', 'cust293', to_date('2010-01-07', 'YYYY-MM-DD'));
insert into flewon values ('AA101', 'cust86', to_date('2010-01-02', 'YYYY-MM-DD'));
insert into flewon values ('SW162', 'cust248', to_date('2010-01-03', 'YYYY-MM-DD'));
insert into flewon values ('UA231', 'cust232', to_date('2010-01-01', 'YYYY-MM-DD'));
insert into flewon values ('UA227', 'cust111', to_date('2010-01-02', 'YYYY-MM-DD'));
insert into flewon values ('DL121', 'cust278', to_date('2010-01-01', 'YYYY-MM-DD'));
insert into flewon values ('UA102', 'cust115', to_date('2010-01-08', 'YYYY-MM-DD'));
insert into flewon values ('AA101', 'cust179', to_date('2010-01-02', 'YYYY-MM-DD'));
insert into flewon values ('AA101', 'cust288', to_date('2010-01-02', 'YYYY-MM-DD'));
insert into flewon values ('US135', 'cust36', to_date('2010-01-07', 'YYYY-MM-DD'));
insert into flewon values ('US105', 'cust439', to_date('2010-01-08', 'YYYY-MM-DD'));
insert into flewon values ('US135', 'cust377', to_date('2010-01-01', 'YYYY-MM-DD'));
insert into flewon values ('SW142', 'cust679', to_date('2010-01-08', 'YYYY-MM-DD'));
insert into flewon values ('AA106', 'cust309', to_date('2010-01-03', 'YYYY-MM-DD'));
insert into flewon values ('AA101', 'cust43', to_date('2010-01-02', 'YYYY-MM-DD'));
insert into flewon values ('AA101', 'cust70', to_date('2010-01-07', 'YYYY-MM-DD'));
insert into flewon values ('DL154', 'cust313', to_date('2010-01-08', 'YYYY-MM-DD'));
insert into flewon values ('US266', 'cust421', to_date('2010-01-07', 'YYYY-MM-DD'));
insert into flewon values ('UA286', 'cust8', to_date('2010-01-09', 'YYYY-MM-DD'));
insert into flewon values ('UA118', 'cust267', to_date('2010-01-07', 'YYYY-MM-DD'));
insert into flewon values ('DL179', 'cust571', to_date('2010-01-08', 'YYYY-MM-DD'));
insert into flewon values ('SW162', 'cust737', to_date('2010-01-03', 'YYYY-MM-DD'));
insert into flewon values ('AA101', 'cust362', to_date('2010-01-09', 'YYYY-MM-DD'));
insert into flewon values ('SW103', 'cust269', to_date('2010-01-01', 'YYYY-MM-DD'));
insert into flewon values ('SW134', 'cust444', to_date('2010-01-07', 'YYYY-MM-DD'));
insert into flewon values ('SW103', 'cust131', to_date('2010-01-05', 'YYYY-MM-DD'));
insert into flewon values ('DL158', 'cust132', to_date('2010-01-06', 'YYYY-MM-DD'));
insert into flewon values ('UA102', 'cust88', to_date('2010-01-03', 'YYYY-MM-DD'));
insert into flewon values ('SW150', 'cust702', to_date('2010-01-03', 'YYYY-MM-DD'));
insert into flewon values ('AA101', 'cust404', to_date('2010-01-01', 'YYYY-MM-DD'));
insert into flewon values ('UA173', 'cust20', to_date('2010-01-01', 'YYYY-MM-DD'));
insert into flewon values ('DL104', 'cust363', to_date('2010-01-03', 'YYYY-MM-DD'));
insert into flewon values ('SW109', 'cust60', to_date('2010-01-09', 'YYYY-MM-DD'));
insert into flewon values ('NW141', 'cust110', to_date('2010-01-01', 'YYYY-MM-DD'));
insert into flewon values ('US135', 'cust6', to_date('2010-01-06', 'YYYY-MM-DD'));
insert into flewon values ('AA217', 'cust74', to_date('2010-01-07', 'YYYY-MM-DD'));
insert into flewon values ('UA102', 'cust262', to_date('2010-01-06', 'YYYY-MM-DD'));
insert into flewon values ('CO185', 'cust136', to_date('2010-01-03', 'YYYY-MM-DD'));
insert into flewon values ('SW139', 'cust69', to_date('2010-01-05', 'YYYY-MM-DD'));
insert into flewon values ('AA110', 'cust187', to_date('2010-01-04', 'YYYY-MM-DD'));
insert into flewon values ('AA101', 'cust245', to_date('2010-01-06', 'YYYY-MM-DD'));
insert into flewon values ('SW103', 'cust485', to_date('2010-01-02', 'YYYY-MM-DD'));
insert into flewon values ('NW133', 'cust665', to_date('2010-01-02', 'YYYY-MM-DD'));
insert into flewon values ('UA102', 'cust90', to_date('2010-01-01', 'YYYY-MM-DD'));
insert into flewon values ('AA101', 'cust202', to_date('2010-01-08', 'YYYY-MM-DD'));
insert into flewon values ('UA102', 'cust489', to_date('2010-01-05', 'YYYY-MM-DD'));
insert into flewon values ('AA114', 'cust413', to_date('2010-01-03', 'YYYY-MM-DD'));
insert into flewon values ('AA122', 'cust105', to_date('2010-01-06', 'YYYY-MM-DD'));
insert into flewon values ('DL104', 'cust158', to_date('2010-01-02', 'YYYY-MM-DD'));
insert into flewon values ('SW234', 'cust153', to_date('2010-01-04', 'YYYY-MM-DD'));
insert into flewon values ('UA178', 'cust631', to_date('2010-01-07', 'YYYY-MM-DD'));
insert into flewon values ('UA224', 'cust699', to_date('2010-01-08', 'YYYY-MM-DD'));
insert into flewon values ('UA102', 'cust90', to_date('2010-01-04', 'YYYY-MM-DD'));
insert into flewon values ('SW183', 'cust115', to_date('2010-01-01', 'YYYY-MM-DD'));
insert into flewon values ('DL104', 'cust295', to_date('2010-01-02', 'YYYY-MM-DD'));
insert into flewon values ('US160', 'cust494', to_date('2010-01-01', 'YYYY-MM-DD'));
insert into flewon values ('SW230', 'cust274', to_date('2010-01-06', 'YYYY-MM-DD'));
insert into flewon values ('DL163', 'cust260', to_date('2010-01-08', 'YYYY-MM-DD'));
insert into flewon values ('SW132', 'cust738', to_date('2010-01-03', 'YYYY-MM-DD'));
insert into flewon values ('AA106', 'cust624', to_date('2010-01-09', 'YYYY-MM-DD'));
insert into flewon values ('SW103', 'cust110', to_date('2010-01-05', 'YYYY-MM-DD'));
insert into flewon values ('NW175', 'cust278', to_date('2010-01-09', 'YYYY-MM-DD'));
insert into flewon values ('AA101', 'cust459', to_date('2010-01-07', 'YYYY-MM-DD'));
insert into flewon values ('AA113', 'cust28', to_date('2010-01-03', 'YYYY-MM-DD'));
insert into flewon values ('SW209', 'cust319', to_date('2010-01-06', 'YYYY-MM-DD'));
insert into flewon values ('AA114', 'cust415', to_date('2010-01-03', 'YYYY-MM-DD'));
insert into flewon values ('US160', 'cust3', to_date('2010-01-09', 'YYYY-MM-DD'));
insert into flewon values ('SW270', 'cust115', to_date('2010-01-05', 'YYYY-MM-DD'));
insert into flewon values ('AA101', 'cust46', to_date('2010-01-04', 'YYYY-MM-DD'));
insert into flewon values ('NW145', 'cust460', to_date('2010-01-04', 'YYYY-MM-DD'));
insert into flewon values ('AA272', 'cust225', to_date('2010-01-04', 'YYYY-MM-DD'));
insert into flewon values ('AA161', 'cust33', to_date('2010-01-07', 'YYYY-MM-DD'));
insert into flewon values ('UA182', 'cust13', to_date('2010-01-06', 'YYYY-MM-DD'));
insert into flewon values ('NW124', 'cust510', to_date('2010-01-04', 'YYYY-MM-DD'));
insert into flewon values ('AA129', 'cust33', to_date('2010-01-08', 'YYYY-MM-DD'));
insert into flewon values ('CO212', 'cust428', to_date('2010-01-04', 'YYYY-MM-DD'));
insert into flewon values ('NW226', 'cust681', to_date('2010-01-09', 'YYYY-MM-DD'));
insert into flewon values ('AA108', 'cust619', to_date('2010-01-04', 'YYYY-MM-DD'));
insert into flewon values ('AA101', 'cust277', to_date('2010-01-03', 'YYYY-MM-DD'));
insert into flewon values ('DL156', 'cust25', to_date('2010-01-04', 'YYYY-MM-DD'));
insert into flewon values ('US105', 'cust676', to_date('2010-01-08', 'YYYY-MM-DD'));
insert into flewon values ('AA101', 'cust653', to_date('2010-01-04', 'YYYY-MM-DD'));
insert into flewon values ('NW263', 'cust156', to_date('2010-01-02', 'YYYY-MM-DD'));
insert into flewon values ('DL104', 'cust235', to_date('2010-01-03', 'YYYY-MM-DD'));
insert into flewon values ('SW289', 'cust25', to_date('2010-01-03', 'YYYY-MM-DD'));
insert into flewon values ('SW103', 'cust29', to_date('2010-01-08', 'YYYY-MM-DD'));
insert into flewon values ('SW246', 'cust359', to_date('2010-01-01', 'YYYY-MM-DD'));
insert into flewon values ('DL163', 'cust32', to_date('2010-01-03', 'YYYY-MM-DD'));
insert into flewon values ('NW258', 'cust87', to_date('2010-01-01', 'YYYY-MM-DD'));
insert into flewon values ('NW138', 'cust39', to_date('2010-01-07', 'YYYY-MM-DD'));
insert into flewon values ('DL197', 'cust572', to_date('2010-01-06', 'YYYY-MM-DD'));
insert into flewon values ('DL197', 'cust52', to_date('2010-01-02', 'YYYY-MM-DD'));
insert into flewon values ('SW218', 'cust419', to_date('2010-01-09', 'YYYY-MM-DD'));
insert into flewon values ('AA101', 'cust230', to_date('2010-01-07', 'YYYY-MM-DD'));
insert into flewon values ('DL181', 'cust59', to_date('2010-01-05', 'YYYY-MM-DD'));
insert into flewon values ('AA129', 'cust386', to_date('2010-01-06', 'YYYY-MM-DD'));
insert into flewon values ('SW103', 'cust195', to_date('2010-01-07', 'YYYY-MM-DD'));
insert into flewon values ('AA101', 'cust0', to_date('2010-01-04', 'YYYY-MM-DD'));
insert into flewon values ('SW232', 'cust418', to_date('2010-01-09', 'YYYY-MM-DD'));
insert into flewon values ('UA174', 'cust316', to_date('2010-01-06', 'YYYY-MM-DD'));
insert into flewon values ('AA101', 'cust699', to_date('2010-01-09', 'YYYY-MM-DD'));
insert into flewon values ('SW152', 'cust511', to_date('2010-01-05', 'YYYY-MM-DD'));
insert into flewon values ('UA252', 'cust71', to_date('2010-01-01', 'YYYY-MM-DD'));
insert into flewon values ('AA101', 'cust137', to_date('2010-01-05', 'YYYY-MM-DD'));
insert into flewon values ('AA101', 'cust659', to_date('2010-01-03', 'YYYY-MM-DD'));
insert into flewon values ('SW103', 'cust741', to_date('2010-01-07', 'YYYY-MM-DD'));
insert into flewon values ('UA237', 'cust25', to_date('2010-01-08', 'YYYY-MM-DD'));
insert into flewon values ('DL179', 'cust232', to_date('2010-01-07', 'YYYY-MM-DD'));
insert into flewon values ('AA110', 'cust725', to_date('2010-01-07', 'YYYY-MM-DD'));
insert into flewon values ('AA101', 'cust90', to_date('2010-01-05', 'YYYY-MM-DD'));
insert into flewon values ('US160', 'cust153', to_date('2010-01-07', 'YYYY-MM-DD'));
insert into flewon values ('UA102', 'cust716', to_date('2010-01-04', 'YYYY-MM-DD'));
insert into flewon values ('SW103', 'cust359', to_date('2010-01-04', 'YYYY-MM-DD'));
insert into flewon values ('AA110', 'cust2', to_date('2010-01-05', 'YYYY-MM-DD'));
insert into flewon values ('SW273', 'cust448', to_date('2010-01-01', 'YYYY-MM-DD'));
insert into flewon values ('US135', 'cust118', to_date('2010-01-09', 'YYYY-MM-DD'));
insert into flewon values ('AA101', 'cust250', to_date('2010-01-08', 'YYYY-MM-DD'));
insert into flewon values ('AA101', 'cust305', to_date('2010-01-08', 'YYYY-MM-DD'));
insert into flewon values ('AA101', 'cust557', to_date('2010-01-08', 'YYYY-MM-DD'));
insert into flewon values ('US105', 'cust184', to_date('2010-01-01', 'YYYY-MM-DD'));
insert into flewon values ('AA101', 'cust542', to_date('2010-01-05', 'YYYY-MM-DD'));
insert into flewon values ('SW235', 'cust279', to_date('2010-01-06', 'YYYY-MM-DD'));
insert into flewon values ('AA101', 'cust545', to_date('2010-01-04', 'YYYY-MM-DD'));
insert into flewon values ('AA101', 'cust608', to_date('2010-01-08', 'YYYY-MM-DD'));
insert into flewon values ('SW192', 'cust59', to_date('2010-01-06', 'YYYY-MM-DD'));
insert into flewon values ('SW251', 'cust41', to_date('2010-01-02', 'YYYY-MM-DD'));
insert into flewon values ('AA129', 'cust43', to_date('2010-01-08', 'YYYY-MM-DD'));
insert into flewon values ('CO185', 'cust579', to_date('2010-01-04', 'YYYY-MM-DD'));
insert into flewon values ('SW103', 'cust492', to_date('2010-01-02', 'YYYY-MM-DD'));
insert into flewon values ('AA250', 'cust157', to_date('2010-01-08', 'YYYY-MM-DD'));
insert into flewon values ('UA149', 'cust16', to_date('2010-01-01', 'YYYY-MM-DD'));
insert into flewon values ('AA240', 'cust74', to_date('2010-01-08', 'YYYY-MM-DD'));
insert into flewon values ('DL104', 'cust74', to_date('2010-01-06', 'YYYY-MM-DD'));
insert into flewon values ('DL179', 'cust376', to_date('2010-01-05', 'YYYY-MM-DD'));
insert into flewon values ('NW148', 'cust57', to_date('2010-01-07', 'YYYY-MM-DD'));
insert into flewon values ('SW103', 'cust227', to_date('2010-01-04', 'YYYY-MM-DD'));
insert into flewon values ('CO203', 'cust156', to_date('2010-01-07', 'YYYY-MM-DD'));
insert into flewon values ('AA110', 'cust56', to_date('2010-01-04', 'YYYY-MM-DD'));
insert into flewon values ('US105', 'cust323', to_date('2010-01-01', 'YYYY-MM-DD'));
insert into flewon values ('AA101', 'cust46', to_date('2010-01-06', 'YYYY-MM-DD'));
insert into flewon values ('NW133', 'cust456', to_date('2010-01-04', 'YYYY-MM-DD'));
insert into flewon values ('SW152', 'cust1', to_date('2010-01-06', 'YYYY-MM-DD'));
insert into flewon values ('AA101', 'cust98', to_date('2010-01-03', 'YYYY-MM-DD'));
insert into flewon values ('AA101', 'cust57', to_date('2010-01-03', 'YYYY-MM-DD'));
insert into flewon values ('DL121', 'cust256', to_date('2010-01-03', 'YYYY-MM-DD'));
insert into flewon values ('DL153', 'cust550', to_date('2010-01-06', 'YYYY-MM-DD'));
insert into flewon values ('AA114', 'cust142', to_date('2010-01-03', 'YYYY-MM-DD'));
insert into flewon values ('SW273', 'cust17', to_date('2010-01-06', 'YYYY-MM-DD'));
insert into flewon values ('DL245', 'cust16', to_date('2010-01-09', 'YYYY-MM-DD'));
insert into flewon values ('CO189', 'cust158', to_date('2010-01-08', 'YYYY-MM-DD'));
insert into flewon values ('CO225', 'cust55', to_date('2010-01-05', 'YYYY-MM-DD'));
insert into flewon values ('US105', 'cust186', to_date('2010-01-02', 'YYYY-MM-DD'));
insert into flewon values ('US105', 'cust615', to_date('2010-01-04', 'YYYY-MM-DD'));
insert into flewon values ('AA101', 'cust124', to_date('2010-01-02', 'YYYY-MM-DD'));
insert into flewon values ('NW133', 'cust209', to_date('2010-01-02', 'YYYY-MM-DD'));
insert into flewon values ('AA106', 'cust67', to_date('2010-01-02', 'YYYY-MM-DD'));
insert into flewon values ('AA110', 'cust738', to_date('2010-01-08', 'YYYY-MM-DD'));
insert into flewon values ('SW289', 'cust662', to_date('2010-01-02', 'YYYY-MM-DD'));
insert into flewon values ('SW109', 'cust317', to_date('2010-01-01', 'YYYY-MM-DD'));
insert into flewon values ('SW208', 'cust316', to_date('2010-01-02', 'YYYY-MM-DD'));
insert into flewon values ('SW112', 'cust262', to_date('2010-01-03', 'YYYY-MM-DD'));
insert into flewon values ('NW148', 'cust406', to_date('2010-01-01', 'YYYY-MM-DD'));
insert into flewon values ('AA101', 'cust58', to_date('2010-01-05', 'YYYY-MM-DD'));
insert into flewon values ('AA101', 'cust12', to_date('2010-01-03', 'YYYY-MM-DD'));
insert into flewon values ('SW271', 'cust507', to_date('2010-01-02', 'YYYY-MM-DD'));
insert into flewon values ('SW162', 'cust235', to_date('2010-01-07', 'YYYY-MM-DD'));
insert into flewon values ('SW128', 'cust196', to_date('2010-01-07', 'YYYY-MM-DD'));
insert into flewon values ('AA129', 'cust153', to_date('2010-01-06', 'YYYY-MM-DD'));
insert into flewon values ('AA300', 'cust113', to_date('2010-01-05', 'YYYY-MM-DD'));
insert into flewon values ('AA101', 'cust17', to_date('2010-01-08', 'YYYY-MM-DD'));
insert into flewon values ('UA115', 'cust276', to_date('2010-01-03', 'YYYY-MM-DD'));
insert into flewon values ('NW226', 'cust264', to_date('2010-01-01', 'YYYY-MM-DD'));
insert into flewon values ('UA102', 'cust50', to_date('2010-01-08', 'YYYY-MM-DD'));
insert into flewon values ('SW246', 'cust474', to_date('2010-01-08', 'YYYY-MM-DD'));
insert into flewon values ('SW262', 'cust128', to_date('2010-01-06', 'YYYY-MM-DD'));
insert into flewon values ('AA101', 'cust26', to_date('2010-01-08', 'YYYY-MM-DD'));
insert into flewon values ('AA101', 'cust153', to_date('2010-01-02', 'YYYY-MM-DD'));
insert into flewon values ('SW127', 'cust197', to_date('2010-01-02', 'YYYY-MM-DD'));
insert into flewon values ('AA101', 'cust329', to_date('2010-01-02', 'YYYY-MM-DD'));
insert into flewon values ('SW125', 'cust101', to_date('2010-01-05', 'YYYY-MM-DD'));
insert into flewon values ('DL140', 'cust62', to_date('2010-01-05', 'YYYY-MM-DD'));
insert into flewon values ('SW107', 'cust8', to_date('2010-01-08', 'YYYY-MM-DD'));
insert into flewon values ('DL163', 'cust69', to_date('2010-01-02', 'YYYY-MM-DD'));
insert into flewon values ('SW132', 'cust23', to_date('2010-01-09', 'YYYY-MM-DD'));
insert into flewon values ('US266', 'cust386', to_date('2010-01-03', 'YYYY-MM-DD'));
insert into flewon values ('AA101', 'cust1', to_date('2010-01-07', 'YYYY-MM-DD'));
insert into flewon values ('AA110', 'cust143', to_date('2010-01-08', 'YYYY-MM-DD'));
insert into flewon values ('AA101', 'cust23', to_date('2010-01-08', 'YYYY-MM-DD'));
insert into flewon values ('CO176', 'cust720', to_date('2010-01-09', 'YYYY-MM-DD'));
insert into flewon values ('DL121', 'cust118', to_date('2010-01-07', 'YYYY-MM-DD'));
insert into flewon values ('US241', 'cust146', to_date('2010-01-06', 'YYYY-MM-DD'));
insert into flewon values ('DL140', 'cust625', to_date('2010-01-08', 'YYYY-MM-DD'));
insert into flewon values ('DL156', 'cust642', to_date('2010-01-05', 'YYYY-MM-DD'));
insert into flewon values ('AA101', 'cust329', to_date('2010-01-05', 'YYYY-MM-DD'));
insert into flewon values ('SW155', 'cust39', to_date('2010-01-09', 'YYYY-MM-DD'));
insert into flewon values ('UA278', 'cust68', to_date('2010-01-08', 'YYYY-MM-DD'));
insert into flewon values ('SW267', 'cust241', to_date('2010-01-02', 'YYYY-MM-DD'));
insert into flewon values ('AA101', 'cust135', to_date('2010-01-07', 'YYYY-MM-DD'));
insert into flewon values ('US105', 'cust78', to_date('2010-01-08', 'YYYY-MM-DD'));
insert into flewon values ('SW150', 'cust382', to_date('2010-01-04', 'YYYY-MM-DD'));
insert into flewon values ('CO147', 'cust488', to_date('2010-01-03', 'YYYY-MM-DD'));
insert into flewon values ('SW191', 'cust79', to_date('2010-01-01', 'YYYY-MM-DD'));
insert into flewon values ('AA106', 'cust316', to_date('2010-01-05', 'YYYY-MM-DD'));
insert into flewon values ('UA123', 'cust175', to_date('2010-01-02', 'YYYY-MM-DD'));
insert into flewon values ('SW274', 'cust363', to_date('2010-01-04', 'YYYY-MM-DD'));
insert into flewon values ('AA101', 'cust631', to_date('2010-01-03', 'YYYY-MM-DD'));
insert into flewon values ('UA115', 'cust195', to_date('2010-01-05', 'YYYY-MM-DD'));
insert into flewon values ('NW143', 'cust44', to_date('2010-01-04', 'YYYY-MM-DD'));
insert into flewon values ('AA101', 'cust466', to_date('2010-01-08', 'YYYY-MM-DD'));
insert into flewon values ('AA101', 'cust535', to_date('2010-01-01', 'YYYY-MM-DD'));
insert into flewon values ('NW138', 'cust105', to_date('2010-01-07', 'YYYY-MM-DD'));
insert into flewon values ('AA129', 'cust62', to_date('2010-01-09', 'YYYY-MM-DD'));
insert into flewon values ('SW103', 'cust518', to_date('2010-01-07', 'YYYY-MM-DD'));
insert into flewon values ('NW207', 'cust420', to_date('2010-01-01', 'YYYY-MM-DD'));
insert into flewon values ('AA106', 'cust301', to_date('2010-01-02', 'YYYY-MM-DD'));
insert into flewon values ('AA101', 'cust93', to_date('2010-01-05', 'YYYY-MM-DD'));
insert into flewon values ('SW205', 'cust14', to_date('2010-01-07', 'YYYY-MM-DD'));
insert into flewon values ('SW155', 'cust148', to_date('2010-01-05', 'YYYY-MM-DD'));
insert into flewon values ('SW214', 'cust205', to_date('2010-01-04', 'YYYY-MM-DD'));
insert into flewon values ('AA110', 'cust126', to_date('2010-01-02', 'YYYY-MM-DD'));
insert into flewon values ('SW109', 'cust500', to_date('2010-01-02', 'YYYY-MM-DD'));
insert into flewon values ('AA114', 'cust120', to_date('2010-01-06', 'YYYY-MM-DD'));
insert into flewon values ('UA170', 'cust42', to_date('2010-01-06', 'YYYY-MM-DD'));
insert into flewon values ('UA102', 'cust189', to_date('2010-01-07', 'YYYY-MM-DD'));
insert into flewon values ('US265', 'cust132', to_date('2010-01-01', 'YYYY-MM-DD'));
insert into flewon values ('SW201', 'cust163', to_date('2010-01-03', 'YYYY-MM-DD'));
insert into flewon values ('AA101', 'cust59', to_date('2010-01-02', 'YYYY-MM-DD'));
insert into flewon values ('DL104', 'cust93', to_date('2010-01-02', 'YYYY-MM-DD'));
insert into flewon values ('AA101', 'cust105', to_date('2010-01-01', 'YYYY-MM-DD'));
insert into flewon values ('AA101', 'cust555', to_date('2010-01-01', 'YYYY-MM-DD'));
insert into flewon values ('DL104', 'cust23', to_date('2010-01-02', 'YYYY-MM-DD'));
insert into flewon values ('AA114', 'cust552', to_date('2010-01-08', 'YYYY-MM-DD'));
insert into flewon values ('US105', 'cust285', to_date('2010-01-01', 'YYYY-MM-DD'));
insert into flewon values ('UA178', 'cust307', to_date('2010-01-09', 'YYYY-MM-DD'));
insert into flewon values ('UA178', 'cust194', to_date('2010-01-07', 'YYYY-MM-DD'));
insert into flewon values ('AA101', 'cust661', to_date('2010-01-01', 'YYYY-MM-DD'));
insert into flewon values ('SW165', 'cust179', to_date('2010-01-08', 'YYYY-MM-DD'));
insert into flewon values ('AA101', 'cust329', to_date('2010-01-08', 'YYYY-MM-DD'));
insert into flewon values ('AA101', 'cust219', to_date('2010-01-06', 'YYYY-MM-DD'));
insert into flewon values ('AA101', 'cust20', to_date('2010-01-07', 'YYYY-MM-DD'));
insert into flewon values ('SW171', 'cust330', to_date('2010-01-06', 'YYYY-MM-DD'));
insert into flewon values ('DL195', 'cust61', to_date('2010-01-05', 'YYYY-MM-DD'));
insert into flewon values ('SW112', 'cust413', to_date('2010-01-05', 'YYYY-MM-DD'));
insert into flewon values ('AA101', 'cust78', to_date('2010-01-09', 'YYYY-MM-DD'));
insert into flewon values ('AA101', 'cust83', to_date('2010-01-08', 'YYYY-MM-DD'));
insert into flewon values ('SW119', 'cust302', to_date('2010-01-09', 'YYYY-MM-DD'));
insert into flewon values ('AA110', 'cust109', to_date('2010-01-01', 'YYYY-MM-DD'));
insert into flewon values ('SW199', 'cust387', to_date('2010-01-05', 'YYYY-MM-DD'));
insert into flewon values ('SW166', 'cust595', to_date('2010-01-01', 'YYYY-MM-DD'));
insert into flewon values ('SW131', 'cust262', to_date('2010-01-01', 'YYYY-MM-DD'));
insert into flewon values ('UA286', 'cust279', to_date('2010-01-05', 'YYYY-MM-DD'));
insert into flewon values ('AA101', 'cust21', to_date('2010-01-03', 'YYYY-MM-DD'));
insert into flewon values ('US296', 'cust40', to_date('2010-01-05', 'YYYY-MM-DD'));
insert into flewon values ('AA287', 'cust121', to_date('2010-01-01', 'YYYY-MM-DD'));
insert into flewon values ('AA113', 'cust506', to_date('2010-01-09', 'YYYY-MM-DD'));
insert into flewon values ('NW138', 'cust614', to_date('2010-01-06', 'YYYY-MM-DD'));
insert into flewon values ('SW132', 'cust107', to_date('2010-01-07', 'YYYY-MM-DD'));
insert into flewon values ('AA101', 'cust349', to_date('2010-01-02', 'YYYY-MM-DD'));
insert into flewon values ('AA101', 'cust167', to_date('2010-01-01', 'YYYY-MM-DD'));
insert into flewon values ('CO116', 'cust564', to_date('2010-01-07', 'YYYY-MM-DD'));
insert into flewon values ('DL179', 'cust400', to_date('2010-01-02', 'YYYY-MM-DD'));
insert into flewon values ('NW148', 'cust111', to_date('2010-01-04', 'YYYY-MM-DD'));
insert into flewon values ('AA101', 'cust730', to_date('2010-01-04', 'YYYY-MM-DD'));
insert into flewon values ('SW103', 'cust682', to_date('2010-01-06', 'YYYY-MM-DD'));
insert into flewon values ('DL197', 'cust219', to_date('2010-01-04', 'YYYY-MM-DD'));
insert into flewon values ('DL204', 'cust275', to_date('2010-01-08', 'YYYY-MM-DD'));
insert into flewon values ('UA149', 'cust536', to_date('2010-01-09', 'YYYY-MM-DD'));
insert into flewon values ('SW139', 'cust48', to_date('2010-01-07', 'YYYY-MM-DD'));
insert into flewon values ('UA223', 'cust638', to_date('2010-01-02', 'YYYY-MM-DD'));
insert into flewon values ('NW145', 'cust198', to_date('2010-01-09', 'YYYY-MM-DD'));
insert into flewon values ('DL154', 'cust173', to_date('2010-01-07', 'YYYY-MM-DD'));
insert into flewon values ('AA217', 'cust199', to_date('2010-01-03', 'YYYY-MM-DD'));
insert into flewon values ('SW111', 'cust388', to_date('2010-01-02', 'YYYY-MM-DD'));
insert into flewon values ('AA101', 'cust681', to_date('2010-01-07', 'YYYY-MM-DD'));
insert into flewon values ('SW112', 'cust666', to_date('2010-01-06', 'YYYY-MM-DD'));
insert into flewon values ('UA102', 'cust507', to_date('2010-01-04', 'YYYY-MM-DD'));
insert into flewon values ('AA101', 'cust15', to_date('2010-01-02', 'YYYY-MM-DD'));
insert into flewon values ('SW111', 'cust29', to_date('2010-01-06', 'YYYY-MM-DD'));
insert into flewon values ('AA229', 'cust715', to_date('2010-01-06', 'YYYY-MM-DD'));
insert into flewon values ('CO264', 'cust153', to_date('2010-01-01', 'YYYY-MM-DD'));
insert into flewon values ('UA115', 'cust645', to_date('2010-01-03', 'YYYY-MM-DD'));
insert into flewon values ('CO137', 'cust11', to_date('2010-01-07', 'YYYY-MM-DD'));
insert into flewon values ('SW107', 'cust324', to_date('2010-01-09', 'YYYY-MM-DD'));
insert into flewon values ('SW269', 'cust87', to_date('2010-01-02', 'YYYY-MM-DD'));
insert into flewon values ('SW210', 'cust337', to_date('2010-01-08', 'YYYY-MM-DD'));
insert into flewon values ('AA101', 'cust611', to_date('2010-01-03', 'YYYY-MM-DD'));
insert into flewon values ('SW127', 'cust492', to_date('2010-01-06', 'YYYY-MM-DD'));
insert into flewon values ('AA101', 'cust339', to_date('2010-01-03', 'YYYY-MM-DD'));
insert into flewon values ('SW111', 'cust678', to_date('2010-01-03', 'YYYY-MM-DD'));
insert into flewon values ('SW107', 'cust161', to_date('2010-01-03', 'YYYY-MM-DD'));
insert into flewon values ('AA101', 'cust13', to_date('2010-01-03', 'YYYY-MM-DD'));
insert into flewon values ('NW141', 'cust133', to_date('2010-01-03', 'YYYY-MM-DD'));
insert into flewon values ('AA101', 'cust167', to_date('2010-01-06', 'YYYY-MM-DD'));
insert into flewon values ('CO176', 'cust42', to_date('2010-01-03', 'YYYY-MM-DD'));
insert into flewon values ('UA102', 'cust267', to_date('2010-01-05', 'YYYY-MM-DD'));
insert into flewon values ('DL120', 'cust555', to_date('2010-01-05', 'YYYY-MM-DD'));
insert into flewon values ('DL158', 'cust170', to_date('2010-01-01', 'YYYY-MM-DD'));
insert into flewon values ('DL140', 'cust244', to_date('2010-01-04', 'YYYY-MM-DD'));
insert into flewon values ('AA279', 'cust72', to_date('2010-01-07', 'YYYY-MM-DD'));
insert into flewon values ('DL154', 'cust502', to_date('2010-01-05', 'YYYY-MM-DD'));
insert into flewon values ('DL195', 'cust366', to_date('2010-01-02', 'YYYY-MM-DD'));
insert into flewon values ('SW103', 'cust362', to_date('2010-01-03', 'YYYY-MM-DD'));
insert into flewon values ('SW130', 'cust158', to_date('2010-01-04', 'YYYY-MM-DD'));
insert into flewon values ('AA101', 'cust265', to_date('2010-01-07', 'YYYY-MM-DD'));
insert into flewon values ('SW274', 'cust136', to_date('2010-01-05', 'YYYY-MM-DD'));
insert into flewon values ('AA101', 'cust252', to_date('2010-01-05', 'YYYY-MM-DD'));
insert into flewon values ('NW145', 'cust143', to_date('2010-01-06', 'YYYY-MM-DD'));
insert into flewon values ('AA106', 'cust49', to_date('2010-01-09', 'YYYY-MM-DD'));
insert into flewon values ('US105', 'cust433', to_date('2010-01-02', 'YYYY-MM-DD'));
insert into flewon values ('CO203', 'cust258', to_date('2010-01-09', 'YYYY-MM-DD'));
insert into flewon values ('UA299', 'cust17', to_date('2010-01-04', 'YYYY-MM-DD'));
insert into flewon values ('SW142', 'cust526', to_date('2010-01-01', 'YYYY-MM-DD'));
insert into flewon values ('SW230', 'cust473', to_date('2010-01-04', 'YYYY-MM-DD'));
insert into flewon values ('DL153', 'cust519', to_date('2010-01-02', 'YYYY-MM-DD'));
insert into flewon values ('UA219', 'cust42', to_date('2010-01-07', 'YYYY-MM-DD'));
insert into flewon values ('UA102', 'cust379', to_date('2010-01-09', 'YYYY-MM-DD'));
insert into flewon values ('CO116', 'cust17', to_date('2010-01-02', 'YYYY-MM-DD'));
insert into flewon values ('AA101', 'cust597', to_date('2010-01-05', 'YYYY-MM-DD'));
insert into flewon values ('SW128', 'cust149', to_date('2010-01-08', 'YYYY-MM-DD'));
insert into flewon values ('AA217', 'cust160', to_date('2010-01-01', 'YYYY-MM-DD'));
insert into flewon values ('AA101', 'cust676', to_date('2010-01-01', 'YYYY-MM-DD'));
insert into flewon values ('SW152', 'cust418', to_date('2010-01-06', 'YYYY-MM-DD'));
insert into flewon values ('AA113', 'cust532', to_date('2010-01-03', 'YYYY-MM-DD'));
insert into flewon values ('AA217', 'cust677', to_date('2010-01-01', 'YYYY-MM-DD'));
insert into flewon values ('SW200', 'cust436', to_date('2010-01-05', 'YYYY-MM-DD'));
insert into flewon values ('UA115', 'cust551', to_date('2010-01-01', 'YYYY-MM-DD'));
insert into flewon values ('UA102', 'cust604', to_date('2010-01-03', 'YYYY-MM-DD'));
insert into flewon values ('AA101', 'cust34', to_date('2010-01-02', 'YYYY-MM-DD'));
insert into flewon values ('AA229', 'cust12', to_date('2010-01-07', 'YYYY-MM-DD'));
insert into flewon values ('DL144', 'cust574', to_date('2010-01-06', 'YYYY-MM-DD'));
insert into flewon values ('NW207', 'cust651', to_date('2010-01-06', 'YYYY-MM-DD'));
insert into flewon values ('AA101', 'cust213', to_date('2010-01-07', 'YYYY-MM-DD'));
insert into flewon values ('UA252', 'cust366', to_date('2010-01-05', 'YYYY-MM-DD'));
insert into flewon values ('AA101', 'cust289', to_date('2010-01-01', 'YYYY-MM-DD'));
insert into flewon values ('SW119', 'cust203', to_date('2010-01-08', 'YYYY-MM-DD'));
insert into flewon values ('SW111', 'cust721', to_date('2010-01-09', 'YYYY-MM-DD'));
insert into flewon values ('SW109', 'cust485', to_date('2010-01-01', 'YYYY-MM-DD'));
insert into flewon values ('SW103', 'cust22', to_date('2010-01-09', 'YYYY-MM-DD'));
insert into flewon values ('DL140', 'cust497', to_date('2010-01-09', 'YYYY-MM-DD'));
insert into flewon values ('DL222', 'cust286', to_date('2010-01-02', 'YYYY-MM-DD'));
insert into flewon values ('DL121', 'cust47', to_date('2010-01-01', 'YYYY-MM-DD'));
insert into flewon values ('AA110', 'cust281', to_date('2010-01-07', 'YYYY-MM-DD'));
insert into flewon values ('SW139', 'cust358', to_date('2010-01-06', 'YYYY-MM-DD'));
insert into flewon values ('AA101', 'cust643', to_date('2010-01-05', 'YYYY-MM-DD'));
insert into flewon values ('DL104', 'cust159', to_date('2010-01-05', 'YYYY-MM-DD'));
insert into flewon values ('SW107', 'cust84', to_date('2010-01-09', 'YYYY-MM-DD'));
insert into flewon values ('UA102', 'cust57', to_date('2010-01-09', 'YYYY-MM-DD'));
insert into flewon values ('AA110', 'cust230', to_date('2010-01-01', 'YYYY-MM-DD'));
insert into flewon values ('SW132', 'cust168', to_date('2010-01-01', 'YYYY-MM-DD'));
insert into flewon values ('CO116', 'cust9', to_date('2010-01-03', 'YYYY-MM-DD'));
insert into flewon values ('CO189', 'cust149', to_date('2010-01-07', 'YYYY-MM-DD'));
insert into flewon values ('AA101', 'cust85', to_date('2010-01-09', 'YYYY-MM-DD'));
insert into flewon values ('UA102', 'cust28', to_date('2010-01-02', 'YYYY-MM-DD'));
insert into flewon values ('DL211', 'cust191', to_date('2010-01-05', 'YYYY-MM-DD'));
insert into flewon values ('SW131', 'cust663', to_date('2010-01-09', 'YYYY-MM-DD'));
insert into flewon values ('SW271', 'cust649', to_date('2010-01-05', 'YYYY-MM-DD'));
insert into flewon values ('DL156', 'cust102', to_date('2010-01-07', 'YYYY-MM-DD'));
insert into flewon values ('DL181', 'cust583', to_date('2010-01-09', 'YYYY-MM-DD'));
insert into flewon values ('SW107', 'cust738', to_date('2010-01-05', 'YYYY-MM-DD'));
insert into flewon values ('SW130', 'cust319', to_date('2010-01-04', 'YYYY-MM-DD'));
insert into flewon values ('NW256', 'cust47', to_date('2010-01-04', 'YYYY-MM-DD'));
insert into flewon values ('CO116', 'cust279', to_date('2010-01-09', 'YYYY-MM-DD'));
insert into flewon values ('AA101', 'cust549', to_date('2010-01-03', 'YYYY-MM-DD'));
insert into flewon values ('SW209', 'cust480', to_date('2010-01-05', 'YYYY-MM-DD'));
insert into flewon values ('SW234', 'cust226', to_date('2010-01-01', 'YYYY-MM-DD'));
insert into flewon values ('AA101', 'cust529', to_date('2010-01-08', 'YYYY-MM-DD'));
insert into flewon values ('UA170', 'cust306', to_date('2010-01-08', 'YYYY-MM-DD'));
insert into flewon values ('NW221', 'cust396', to_date('2010-01-07', 'YYYY-MM-DD'));
insert into flewon values ('UA102', 'cust452', to_date('2010-01-02', 'YYYY-MM-DD'));
insert into flewon values ('SW103', 'cust429', to_date('2010-01-02', 'YYYY-MM-DD'));
insert into flewon values ('DL181', 'cust287', to_date('2010-01-01', 'YYYY-MM-DD'));
insert into flewon values ('CO212', 'cust476', to_date('2010-01-01', 'YYYY-MM-DD'));
insert into flewon values ('DL257', 'cust259', to_date('2010-01-04', 'YYYY-MM-DD'));
insert into flewon values ('SW119', 'cust692', to_date('2010-01-08', 'YYYY-MM-DD'));
insert into flewon values ('SW191', 'cust282', to_date('2010-01-07', 'YYYY-MM-DD'));
insert into flewon values ('AA101', 'cust165', to_date('2010-01-02', 'YYYY-MM-DD'));
insert into flewon values ('AA122', 'cust422', to_date('2010-01-02', 'YYYY-MM-DD'));
insert into flewon values ('SW107', 'cust265', to_date('2010-01-05', 'YYYY-MM-DD'));
insert into flewon values ('UA174', 'cust470', to_date('2010-01-04', 'YYYY-MM-DD'));
insert into flewon values ('SW196', 'cust201', to_date('2010-01-01', 'YYYY-MM-DD'));
insert into flewon values ('SW262', 'cust666', to_date('2010-01-08', 'YYYY-MM-DD'));
insert into flewon values ('AA250', 'cust477', to_date('2010-01-08', 'YYYY-MM-DD'));
insert into flewon values ('SW128', 'cust542', to_date('2010-01-09', 'YYYY-MM-DD'));
insert into flewon values ('AA101', 'cust543', to_date('2010-01-08', 'YYYY-MM-DD'));
insert into flewon values ('SW202', 'cust12', to_date('2010-01-02', 'YYYY-MM-DD'));
insert into flewon values ('SW282', 'cust707', to_date('2010-01-08', 'YYYY-MM-DD'));
insert into flewon values ('UA123', 'cust140', to_date('2010-01-02', 'YYYY-MM-DD'));
insert into flewon values ('SW107', 'cust130', to_date('2010-01-08', 'YYYY-MM-DD'));
insert into flewon values ('UA237', 'cust213', to_date('2010-01-04', 'YYYY-MM-DD'));
insert into flewon values ('DL195', 'cust69', to_date('2010-01-01', 'YYYY-MM-DD'));
insert into flewon values ('NW207', 'cust284', to_date('2010-01-07', 'YYYY-MM-DD'));
insert into flewon values ('CO254', 'cust475', to_date('2010-01-02', 'YYYY-MM-DD'));
insert into flewon values ('DL244', 'cust623', to_date('2010-01-07', 'YYYY-MM-DD'));
insert into flewon values ('AA101', 'cust242', to_date('2010-01-07', 'YYYY-MM-DD'));
insert into flewon values ('UA299', 'cust41', to_date('2010-01-06', 'YYYY-MM-DD'));
insert into flewon values ('UA278', 'cust37', to_date('2010-01-01', 'YYYY-MM-DD'));
insert into flewon values ('AA101', 'cust24', to_date('2010-01-09', 'YYYY-MM-DD'));
insert into flewon values ('SW112', 'cust46', to_date('2010-01-01', 'YYYY-MM-DD'));
insert into flewon values ('AA101', 'cust29', to_date('2010-01-02', 'YYYY-MM-DD'));
insert into flewon values ('AA101', 'cust673', to_date('2010-01-04', 'YYYY-MM-DD'));
insert into flewon values ('AA101', 'cust391', to_date('2010-01-06', 'YYYY-MM-DD'));
insert into flewon values ('DL104', 'cust204', to_date('2010-01-06', 'YYYY-MM-DD'));
insert into flewon values ('UA118', 'cust9', to_date('2010-01-06', 'YYYY-MM-DD'));
insert into flewon values ('SW152', 'cust406', to_date('2010-01-07', 'YYYY-MM-DD'));
insert into flewon values ('AA129', 'cust348', to_date('2010-01-09', 'YYYY-MM-DD'));
insert into flewon values ('US105', 'cust568', to_date('2010-01-04', 'YYYY-MM-DD'));
insert into flewon values ('SW152', 'cust138', to_date('2010-01-03', 'YYYY-MM-DD'));
insert into flewon values ('US146', 'cust132', to_date('2010-01-03', 'YYYY-MM-DD'));
insert into flewon values ('DL248', 'cust146', to_date('2010-01-07', 'YYYY-MM-DD'));
insert into flewon values ('DL222', 'cust46', to_date('2010-01-08', 'YYYY-MM-DD'));
insert into flewon values ('SW112', 'cust18', to_date('2010-01-09', 'YYYY-MM-DD'));
insert into flewon values ('DL153', 'cust378', to_date('2010-01-06', 'YYYY-MM-DD'));
insert into flewon values ('AA122', 'cust25', to_date('2010-01-05', 'YYYY-MM-DD'));
insert into flewon values ('AA101', 'cust497', to_date('2010-01-06', 'YYYY-MM-DD'));
insert into flewon values ('SW109', 'cust50', to_date('2010-01-06', 'YYYY-MM-DD'));
insert into flewon values ('AA106', 'cust539', to_date('2010-01-03', 'YYYY-MM-DD'));
insert into flewon values ('NW124', 'cust455', to_date('2010-01-07', 'YYYY-MM-DD'));
insert into flewon values ('DL121', 'cust10', to_date('2010-01-01', 'YYYY-MM-DD'));
insert into flewon values ('SW214', 'cust723', to_date('2010-01-03', 'YYYY-MM-DD'));
insert into flewon values ('UA102', 'cust260', to_date('2010-01-05', 'YYYY-MM-DD'));
insert into flewon values ('AA101', 'cust598', to_date('2010-01-02', 'YYYY-MM-DD'));
insert into flewon values ('AA101', 'cust196', to_date('2010-01-06', 'YYYY-MM-DD'));
insert into flewon values ('US241', 'cust646', to_date('2010-01-07', 'YYYY-MM-DD'));
insert into flewon values ('AA108', 'cust370', to_date('2010-01-07', 'YYYY-MM-DD'));
insert into flewon values ('SW166', 'cust182', to_date('2010-01-01', 'YYYY-MM-DD'));
insert into flewon values ('UA102', 'cust702', to_date('2010-01-04', 'YYYY-MM-DD'));
insert into flewon values ('UA102', 'cust216', to_date('2010-01-04', 'YYYY-MM-DD'));
insert into flewon values ('AA101', 'cust21', to_date('2010-01-07', 'YYYY-MM-DD'));
insert into flewon values ('AA101', 'cust75', to_date('2010-01-07', 'YYYY-MM-DD'));
insert into flewon values ('NW213', 'cust646', to_date('2010-01-04', 'YYYY-MM-DD'));
insert into flewon values ('UA177', 'cust518', to_date('2010-01-06', 'YYYY-MM-DD'));
insert into flewon values ('AA113', 'cust32', to_date('2010-01-01', 'YYYY-MM-DD'));
insert into flewon values ('UA102', 'cust359', to_date('2010-01-07', 'YYYY-MM-DD'));
insert into flewon values ('AA101', 'cust254', to_date('2010-01-06', 'YYYY-MM-DD'));
insert into flewon values ('SW150', 'cust31', to_date('2010-01-06', 'YYYY-MM-DD'));
insert into flewon values ('AA101', 'cust679', to_date('2010-01-04', 'YYYY-MM-DD'));
insert into flewon values ('SW259', 'cust160', to_date('2010-01-03', 'YYYY-MM-DD'));
insert into flewon values ('SW269', 'cust348', to_date('2010-01-03', 'YYYY-MM-DD'));
insert into flewon values ('DL247', 'cust393', to_date('2010-01-08', 'YYYY-MM-DD'));
insert into flewon values ('SW119', 'cust77', to_date('2010-01-09', 'YYYY-MM-DD'));
insert into flewon values ('AA101', 'cust51', to_date('2010-01-02', 'YYYY-MM-DD'));
insert into flewon values ('SW130', 'cust29', to_date('2010-01-05', 'YYYY-MM-DD'));
insert into flewon values ('US160', 'cust409', to_date('2010-01-06', 'YYYY-MM-DD'));
insert into flewon values ('SW107', 'cust289', to_date('2010-01-09', 'YYYY-MM-DD'));
insert into flewon values ('DL121', 'cust70', to_date('2010-01-06', 'YYYY-MM-DD'));
insert into flewon values ('SW126', 'cust251', to_date('2010-01-06', 'YYYY-MM-DD'));
insert into flewon values ('AA101', 'cust416', to_date('2010-01-09', 'YYYY-MM-DD'));
insert into flewon values ('UA224', 'cust676', to_date('2010-01-03', 'YYYY-MM-DD'));
insert into flewon values ('UA102', 'cust247', to_date('2010-01-03', 'YYYY-MM-DD'));
insert into flewon values ('DL153', 'cust598', to_date('2010-01-08', 'YYYY-MM-DD'));
insert into flewon values ('NW138', 'cust21', to_date('2010-01-04', 'YYYY-MM-DD'));
insert into flewon values ('SW142', 'cust2', to_date('2010-01-08', 'YYYY-MM-DD'));
insert into flewon values ('NW194', 'cust340', to_date('2010-01-08', 'YYYY-MM-DD'));
insert into flewon values ('SW112', 'cust163', to_date('2010-01-09', 'YYYY-MM-DD'));
insert into flewon values ('UA102', 'cust392', to_date('2010-01-08', 'YYYY-MM-DD'));
insert into flewon values ('US160', 'cust7', to_date('2010-01-03', 'YYYY-MM-DD'));
insert into flewon values ('AA229', 'cust402', to_date('2010-01-03', 'YYYY-MM-DD'));
insert into flewon values ('SW187', 'cust289', to_date('2010-01-05', 'YYYY-MM-DD'));
insert into flewon values ('SW130', 'cust102', to_date('2010-01-09', 'YYYY-MM-DD'));
insert into flewon values ('AA101', 'cust120', to_date('2010-01-01', 'YYYY-MM-DD'));
insert into flewon values ('SW112', 'cust507', to_date('2010-01-03', 'YYYY-MM-DD'));
insert into flewon values ('SW117', 'cust668', to_date('2010-01-08', 'YYYY-MM-DD'));
insert into flewon values ('UA102', 'cust80', to_date('2010-01-06', 'YYYY-MM-DD'));
insert into flewon values ('SW201', 'cust444', to_date('2010-01-05', 'YYYY-MM-DD'));
insert into flewon values ('SW111', 'cust337', to_date('2010-01-07', 'YYYY-MM-DD'));
insert into flewon values ('AA101', 'cust200', to_date('2010-01-04', 'YYYY-MM-DD'));
insert into flewon values ('SW103', 'cust47', to_date('2010-01-08', 'YYYY-MM-DD'));
insert into flewon values ('DL104', 'cust177', to_date('2010-01-06', 'YYYY-MM-DD'));
insert into flewon values ('AA101', 'cust10', to_date('2010-01-04', 'YYYY-MM-DD'));
insert into flewon values ('UA164', 'cust122', to_date('2010-01-03', 'YYYY-MM-DD'));
insert into flewon values ('DL153', 'cust365', to_date('2010-01-01', 'YYYY-MM-DD'));
insert into flewon values ('AA159', 'cust34', to_date('2010-01-08', 'YYYY-MM-DD'));
insert into flewon values ('NW143', 'cust15', to_date('2010-01-03', 'YYYY-MM-DD'));
insert into flewon values ('DL153', 'cust7', to_date('2010-01-08', 'YYYY-MM-DD'));
insert into flewon values ('AA101', 'cust63', to_date('2010-01-02', 'YYYY-MM-DD'));
insert into flewon values ('AA106', 'cust199', to_date('2010-01-07', 'YYYY-MM-DD'));
insert into flewon values ('NW188', 'cust119', to_date('2010-01-03', 'YYYY-MM-DD'));
insert into flewon values ('UA182', 'cust242', to_date('2010-01-03', 'YYYY-MM-DD'));
insert into flewon values ('CO137', 'cust465', to_date('2010-01-08', 'YYYY-MM-DD'));
insert into flewon values ('DL243', 'cust126', to_date('2010-01-07', 'YYYY-MM-DD'));
insert into flewon values ('SW112', 'cust9', to_date('2010-01-05', 'YYYY-MM-DD'));
insert into flewon values ('AA106', 'cust146', to_date('2010-01-08', 'YYYY-MM-DD'));
insert into flewon values ('SW168', 'cust613', to_date('2010-01-02', 'YYYY-MM-DD'));
insert into flewon values ('SW208', 'cust182', to_date('2010-01-05', 'YYYY-MM-DD'));
insert into flewon values ('AA108', 'cust538', to_date('2010-01-05', 'YYYY-MM-DD'));
insert into flewon values ('SW275', 'cust683', to_date('2010-01-04', 'YYYY-MM-DD'));
insert into flewon values ('AA101', 'cust741', to_date('2010-01-08', 'YYYY-MM-DD'));
insert into flewon values ('AA101', 'cust14', to_date('2010-01-04', 'YYYY-MM-DD'));
insert into flewon values ('AA293', 'cust162', to_date('2010-01-05', 'YYYY-MM-DD'));
insert into flewon values ('SW103', 'cust506', to_date('2010-01-02', 'YYYY-MM-DD'));
insert into flewon values ('AA151', 'cust189', to_date('2010-01-03', 'YYYY-MM-DD'));
insert into flewon values ('AA101', 'cust283', to_date('2010-01-03', 'YYYY-MM-DD'));
insert into flewon values ('CO116', 'cust176', to_date('2010-01-05', 'YYYY-MM-DD'));
insert into flewon values ('SW276', 'cust220', to_date('2010-01-07', 'YYYY-MM-DD'));
insert into flewon values ('SW130', 'cust255', to_date('2010-01-05', 'YYYY-MM-DD'));
insert into flewon values ('AA101', 'cust86', to_date('2010-01-01', 'YYYY-MM-DD'));
insert into flewon values ('NW143', 'cust52', to_date('2010-01-07', 'YYYY-MM-DD'));
insert into flewon values ('AA101', 'cust389', to_date('2010-01-02', 'YYYY-MM-DD'));
insert into flewon values ('NW138', 'cust732', to_date('2010-01-04', 'YYYY-MM-DD'));
insert into flewon values ('SW103', 'cust696', to_date('2010-01-04', 'YYYY-MM-DD'));
insert into flewon values ('CO216', 'cust11', to_date('2010-01-09', 'YYYY-MM-DD'));
insert into flewon values ('AA101', 'cust739', to_date('2010-01-07', 'YYYY-MM-DD'));
insert into flewon values ('SW126', 'cust489', to_date('2010-01-08', 'YYYY-MM-DD'));
insert into flewon values ('NW141', 'cust122', to_date('2010-01-02', 'YYYY-MM-DD'));
insert into flewon values ('SW139', 'cust65', to_date('2010-01-08', 'YYYY-MM-DD'));
insert into flewon values ('NW221', 'cust185', to_date('2010-01-01', 'YYYY-MM-DD'));
insert into flewon values ('AA101', 'cust226', to_date('2010-01-08', 'YYYY-MM-DD'));
insert into flewon values ('DL154', 'cust18', to_date('2010-01-06', 'YYYY-MM-DD'));
insert into flewon values ('SW107', 'cust239', to_date('2010-01-04', 'YYYY-MM-DD'));
insert into flewon values ('AA101', 'cust619', to_date('2010-01-09', 'YYYY-MM-DD'));
insert into flewon values ('SW111', 'cust554', to_date('2010-01-07', 'YYYY-MM-DD'));
insert into flewon values ('AA106', 'cust143', to_date('2010-01-03', 'YYYY-MM-DD'));
insert into flewon values ('SW103', 'cust637', to_date('2010-01-06', 'YYYY-MM-DD'));
insert into flewon values ('DL104', 'cust456', to_date('2010-01-06', 'YYYY-MM-DD'));
insert into flewon values ('US146', 'cust392', to_date('2010-01-02', 'YYYY-MM-DD'));
insert into flewon values ('AA101', 'cust725', to_date('2010-01-05', 'YYYY-MM-DD'));
insert into flewon values ('AA101', 'cust129', to_date('2010-01-07', 'YYYY-MM-DD'));
insert into flewon values ('NW133', 'cust130', to_date('2010-01-01', 'YYYY-MM-DD'));
insert into flewon values ('SW103', 'cust338', to_date('2010-01-01', 'YYYY-MM-DD'));
insert into flewon values ('AA300', 'cust448', to_date('2010-01-08', 'YYYY-MM-DD'));
insert into flewon values ('AA122', 'cust730', to_date('2010-01-03', 'YYYY-MM-DD'));
insert into flewon values ('CO116', 'cust402', to_date('2010-01-06', 'YYYY-MM-DD'));
insert into flewon values ('SW130', 'cust30', to_date('2010-01-05', 'YYYY-MM-DD'));
insert into flewon values ('UA118', 'cust345', to_date('2010-01-05', 'YYYY-MM-DD'));
insert into flewon values ('AA110', 'cust620', to_date('2010-01-02', 'YYYY-MM-DD'));
insert into flewon values ('AA101', 'cust86', to_date('2010-01-04', 'YYYY-MM-DD'));
insert into flewon values ('NW175', 'cust343', to_date('2010-01-06', 'YYYY-MM-DD'));
insert into flewon values ('UA102', 'cust686', to_date('2010-01-08', 'YYYY-MM-DD'));
insert into flewon values ('UA177', 'cust79', to_date('2010-01-06', 'YYYY-MM-DD'));
insert into flewon values ('UA123', 'cust219', to_date('2010-01-07', 'YYYY-MM-DD'));
insert into flewon values ('UA164', 'cust446', to_date('2010-01-04', 'YYYY-MM-DD'));
insert into flewon values ('NW215', 'cust394', to_date('2010-01-01', 'YYYY-MM-DD'));
insert into flewon values ('SW294', 'cust375', to_date('2010-01-07', 'YYYY-MM-DD'));
insert into flewon values ('AA101', 'cust665', to_date('2010-01-09', 'YYYY-MM-DD'));
insert into flewon values ('DL222', 'cust355', to_date('2010-01-02', 'YYYY-MM-DD'));
insert into flewon values ('DL156', 'cust729', to_date('2010-01-07', 'YYYY-MM-DD'));
insert into flewon values ('SW142', 'cust290', to_date('2010-01-07', 'YYYY-MM-DD'));
insert into flewon values ('SW109', 'cust240', to_date('2010-01-04', 'YYYY-MM-DD'));
insert into flewon values ('SW111', 'cust112', to_date('2010-01-01', 'YYYY-MM-DD'));
insert into flewon values ('SW155', 'cust214', to_date('2010-01-07', 'YYYY-MM-DD'));
insert into flewon values ('AA101', 'cust91', to_date('2010-01-07', 'YYYY-MM-DD'));
insert into flewon values ('AA101', 'cust24', to_date('2010-01-01', 'YYYY-MM-DD'));
insert into flewon values ('US146', 'cust87', to_date('2010-01-07', 'YYYY-MM-DD'));
insert into flewon values ('SW155', 'cust465', to_date('2010-01-03', 'YYYY-MM-DD'));
insert into flewon values ('AA101', 'cust37', to_date('2010-01-03', 'YYYY-MM-DD'));
insert into flewon values ('UA102', 'cust538', to_date('2010-01-07', 'YYYY-MM-DD'));
insert into flewon values ('DL204', 'cust172', to_date('2010-01-02', 'YYYY-MM-DD'));
insert into flewon values ('AA108', 'cust229', to_date('2010-01-05', 'YYYY-MM-DD'));
insert into flewon values ('AA151', 'cust213', to_date('2010-01-05', 'YYYY-MM-DD'));
insert into flewon values ('NW148', 'cust103', to_date('2010-01-07', 'YYYY-MM-DD'));
insert into flewon values ('AA101', 'cust342', to_date('2010-01-05', 'YYYY-MM-DD'));
insert into flewon values ('SW126', 'cust354', to_date('2010-01-07', 'YYYY-MM-DD'));
insert into flewon values ('AA106', 'cust313', to_date('2010-01-04', 'YYYY-MM-DD'));
insert into flewon values ('SW117', 'cust73', to_date('2010-01-08', 'YYYY-MM-DD'));
insert into flewon values ('AA101', 'cust282', to_date('2010-01-02', 'YYYY-MM-DD'));
insert into flewon values ('SW132', 'cust316', to_date('2010-01-03', 'YYYY-MM-DD'));
insert into flewon values ('UA102', 'cust144', to_date('2010-01-08', 'YYYY-MM-DD'));
insert into flewon values ('AA242', 'cust579', to_date('2010-01-02', 'YYYY-MM-DD'));
insert into flewon values ('AA101', 'cust580', to_date('2010-01-02', 'YYYY-MM-DD'));
insert into flewon values ('AA110', 'cust8', to_date('2010-01-06', 'YYYY-MM-DD'));
insert into flewon values ('AA106', 'cust111', to_date('2010-01-03', 'YYYY-MM-DD'));
insert into flewon values ('UA299', 'cust56', to_date('2010-01-02', 'YYYY-MM-DD'));
insert into flewon values ('SW273', 'cust82', to_date('2010-01-01', 'YYYY-MM-DD'));
insert into flewon values ('NW268', 'cust17', to_date('2010-01-07', 'YYYY-MM-DD'));
insert into flewon values ('CO176', 'cust510', to_date('2010-01-07', 'YYYY-MM-DD'));
insert into flewon values ('SW246', 'cust35', to_date('2010-01-06', 'YYYY-MM-DD'));
insert into flewon values ('SW208', 'cust154', to_date('2010-01-04', 'YYYY-MM-DD'));
insert into flewon values ('NW221', 'cust59', to_date('2010-01-03', 'YYYY-MM-DD'));
insert into flewon values ('AA101', 'cust734', to_date('2010-01-07', 'YYYY-MM-DD'));
insert into flewon values ('AA101', 'cust154', to_date('2010-01-05', 'YYYY-MM-DD'));
insert into flewon values ('AA101', 'cust682', to_date('2010-01-02', 'YYYY-MM-DD'));
insert into flewon values ('NW258', 'cust522', to_date('2010-01-04', 'YYYY-MM-DD'));
insert into flewon values ('AA113', 'cust646', to_date('2010-01-08', 'YYYY-MM-DD'));
insert into flewon values ('SW130', 'cust61', to_date('2010-01-08', 'YYYY-MM-DD'));
insert into flewon values ('AA106', 'cust10', to_date('2010-01-07', 'YYYY-MM-DD'));
insert into flewon values ('UA115', 'cust69', to_date('2010-01-07', 'YYYY-MM-DD'));
insert into flewon values ('US135', 'cust217', to_date('2010-01-06', 'YYYY-MM-DD'));
insert into flewon values ('SW167', 'cust561', to_date('2010-01-06', 'YYYY-MM-DD'));
insert into flewon values ('AA101', 'cust714', to_date('2010-01-02', 'YYYY-MM-DD'));
insert into flewon values ('AA101', 'cust454', to_date('2010-01-04', 'YYYY-MM-DD'));
insert into flewon values ('AA101', 'cust330', to_date('2010-01-09', 'YYYY-MM-DD'));
insert into flewon values ('AA101', 'cust292', to_date('2010-01-03', 'YYYY-MM-DD'));
insert into flewon values ('UA102', 'cust49', to_date('2010-01-01', 'YYYY-MM-DD'));
insert into flewon values ('SW232', 'cust26', to_date('2010-01-02', 'YYYY-MM-DD'));
insert into flewon values ('SW112', 'cust365', to_date('2010-01-09', 'YYYY-MM-DD'));
insert into flewon values ('SW134', 'cust472', to_date('2010-01-01', 'YYYY-MM-DD'));
insert into flewon values ('AA101', 'cust270', to_date('2010-01-09', 'YYYY-MM-DD'));
insert into flewon values ('CO203', 'cust373', to_date('2010-01-07', 'YYYY-MM-DD'));
insert into flewon values ('SW119', 'cust65', to_date('2010-01-09', 'YYYY-MM-DD'));
insert into flewon values ('UA178', 'cust661', to_date('2010-01-09', 'YYYY-MM-DD'));
insert into flewon values ('CO198', 'cust159', to_date('2010-01-07', 'YYYY-MM-DD'));
insert into flewon values ('UA102', 'cust228', to_date('2010-01-07', 'YYYY-MM-DD'));
insert into flewon values ('UA102', 'cust128', to_date('2010-01-05', 'YYYY-MM-DD'));
insert into flewon values ('DL120', 'cust449', to_date('2010-01-04', 'YYYY-MM-DD'));
insert into flewon values ('UA123', 'cust531', to_date('2010-01-06', 'YYYY-MM-DD'));
insert into flewon values ('AA101', 'cust464', to_date('2010-01-08', 'YYYY-MM-DD'));
insert into flewon values ('NW215', 'cust179', to_date('2010-01-04', 'YYYY-MM-DD'));
insert into flewon values ('DL104', 'cust618', to_date('2010-01-05', 'YYYY-MM-DD'));
insert into flewon values ('SW109', 'cust403', to_date('2010-01-02', 'YYYY-MM-DD'));
insert into flewon values ('AA101', 'cust95', to_date('2010-01-07', 'YYYY-MM-DD'));
insert into flewon values ('SW117', 'cust360', to_date('2010-01-08', 'YYYY-MM-DD'));
insert into flewon values ('SW111', 'cust300', to_date('2010-01-07', 'YYYY-MM-DD'));
insert into flewon values ('AA110', 'cust26', to_date('2010-01-03', 'YYYY-MM-DD'));
insert into flewon values ('DL179', 'cust341', to_date('2010-01-01', 'YYYY-MM-DD'));
insert into flewon values ('AA101', 'cust455', to_date('2010-01-08', 'YYYY-MM-DD'));
insert into flewon values ('DL121', 'cust169', to_date('2010-01-04', 'YYYY-MM-DD'));
insert into flewon values ('NW124', 'cust106', to_date('2010-01-08', 'YYYY-MM-DD'));
insert into flewon values ('AA122', 'cust99', to_date('2010-01-03', 'YYYY-MM-DD'));
insert into flewon values ('CO189', 'cust489', to_date('2010-01-06', 'YYYY-MM-DD'));
insert into flewon values ('NW143', 'cust5', to_date('2010-01-04', 'YYYY-MM-DD'));
insert into flewon values ('SW126', 'cust391', to_date('2010-01-03', 'YYYY-MM-DD'));
insert into flewon values ('NW148', 'cust291', to_date('2010-01-01', 'YYYY-MM-DD'));
insert into flewon values ('AA101', 'cust345', to_date('2010-01-07', 'YYYY-MM-DD'));
insert into flewon values ('NW180', 'cust542', to_date('2010-01-04', 'YYYY-MM-DD'));
insert into flewon values ('CO185', 'cust144', to_date('2010-01-02', 'YYYY-MM-DD'));
insert into flewon values ('NW194', 'cust42', to_date('2010-01-05', 'YYYY-MM-DD'));
insert into flewon values ('SW202', 'cust636', to_date('2010-01-09', 'YYYY-MM-DD'));
insert into flewon values ('DL104', 'cust236', to_date('2010-01-05', 'YYYY-MM-DD'));
insert into flewon values ('AA101', 'cust589', to_date('2010-01-05', 'YYYY-MM-DD'));
insert into flewon values ('AA101', 'cust689', to_date('2010-01-04', 'YYYY-MM-DD'));
insert into flewon values ('AA101', 'cust83', to_date('2010-01-05', 'YYYY-MM-DD'));
insert into flewon values ('CO116', 'cust382', to_date('2010-01-08', 'YYYY-MM-DD'));
insert into flewon values ('CO254', 'cust189', to_date('2010-01-08', 'YYYY-MM-DD'));
insert into flewon values ('CO189', 'cust368', to_date('2010-01-04', 'YYYY-MM-DD'));
insert into flewon values ('UA115', 'cust154', to_date('2010-01-09', 'YYYY-MM-DD'));
insert into flewon values ('UA102', 'cust579', to_date('2010-01-03', 'YYYY-MM-DD'));
insert into flewon values ('SW152', 'cust168', to_date('2010-01-06', 'YYYY-MM-DD'));
insert into flewon values ('NW221', 'cust99', to_date('2010-01-02', 'YYYY-MM-DD'));
insert into flewon values ('AA101', 'cust202', to_date('2010-01-01', 'YYYY-MM-DD'));
insert into flewon values ('SW208', 'cust107', to_date('2010-01-02', 'YYYY-MM-DD'));
insert into flewon values ('UA115', 'cust80', to_date('2010-01-09', 'YYYY-MM-DD'));
insert into flewon values ('SW111', 'cust381', to_date('2010-01-04', 'YYYY-MM-DD'));
insert into flewon values ('SW169', 'cust243', to_date('2010-01-04', 'YYYY-MM-DD'));
insert into flewon values ('SW132', 'cust711', to_date('2010-01-04', 'YYYY-MM-DD'));
insert into flewon values ('UA123', 'cust368', to_date('2010-01-05', 'YYYY-MM-DD'));
insert into flewon values ('SW168', 'cust318', to_date('2010-01-06', 'YYYY-MM-DD'));
insert into flewon values ('NW256', 'cust555', to_date('2010-01-06', 'YYYY-MM-DD'));
insert into flewon values ('SW107', 'cust9', to_date('2010-01-07', 'YYYY-MM-DD'));
insert into flewon values ('AA272', 'cust535', to_date('2010-01-04', 'YYYY-MM-DD'));
insert into flewon values ('AA101', 'cust19', to_date('2010-01-09', 'YYYY-MM-DD'));
insert into flewon values ('UA177', 'cust141', to_date('2010-01-07', 'YYYY-MM-DD'));
insert into flewon values ('UA102', 'cust352', to_date('2010-01-07', 'YYYY-MM-DD'));
insert into flewon values ('SW294', 'cust475', to_date('2010-01-05', 'YYYY-MM-DD'));
insert into flewon values ('AA101', 'cust482', to_date('2010-01-05', 'YYYY-MM-DD'));
insert into flewon values ('DL156', 'cust174', to_date('2010-01-05', 'YYYY-MM-DD'));
insert into flewon values ('UA224', 'cust174', to_date('2010-01-07', 'YYYY-MM-DD'));
insert into flewon values ('AA101', 'cust422', to_date('2010-01-06', 'YYYY-MM-DD'));
insert into flewon values ('SW152', 'cust187', to_date('2010-01-08', 'YYYY-MM-DD'));
insert into flewon values ('DL121', 'cust693', to_date('2010-01-02', 'YYYY-MM-DD'));
insert into flewon values ('NW221', 'cust140', to_date('2010-01-06', 'YYYY-MM-DD'));
insert into flewon values ('DL163', 'cust358', to_date('2010-01-08', 'YYYY-MM-DD'));
insert into flewon values ('SW128', 'cust169', to_date('2010-01-08', 'YYYY-MM-DD'));
insert into flewon values ('UA102', 'cust346', to_date('2010-01-02', 'YYYY-MM-DD'));
insert into flewon values ('AA101', 'cust41', to_date('2010-01-03', 'YYYY-MM-DD'));
insert into flewon values ('AA101', 'cust21', to_date('2010-01-05', 'YYYY-MM-DD'));
insert into flewon values ('SW130', 'cust584', to_date('2010-01-09', 'YYYY-MM-DD'));
insert into flewon values ('UA170', 'cust412', to_date('2010-01-04', 'YYYY-MM-DD'));
insert into flewon values ('UA173', 'cust344', to_date('2010-01-08', 'YYYY-MM-DD'));
insert into flewon values ('SW201', 'cust669', to_date('2010-01-02', 'YYYY-MM-DD'));
insert into flewon values ('US105', 'cust116', to_date('2010-01-04', 'YYYY-MM-DD'));
insert into flewon values ('CO212', 'cust498', to_date('2010-01-06', 'YYYY-MM-DD'));
insert into flewon values ('SW125', 'cust17', to_date('2010-01-05', 'YYYY-MM-DD'));
insert into flewon values ('AA110', 'cust632', to_date('2010-01-08', 'YYYY-MM-DD'));
insert into flewon values ('SW271', 'cust304', to_date('2010-01-06', 'YYYY-MM-DD'));
insert into flewon values ('CO137', 'cust163', to_date('2010-01-04', 'YYYY-MM-DD'));
insert into flewon values ('UA102', 'cust508', to_date('2010-01-06', 'YYYY-MM-DD'));
insert into flewon values ('SW117', 'cust414', to_date('2010-01-04', 'YYYY-MM-DD'));
insert into flewon values ('SW150', 'cust691', to_date('2010-01-06', 'YYYY-MM-DD'));
insert into flewon values ('AA101', 'cust499', to_date('2010-01-01', 'YYYY-MM-DD'));
insert into flewon values ('AA101', 'cust199', to_date('2010-01-02', 'YYYY-MM-DD'));
insert into flewon values ('DL156', 'cust183', to_date('2010-01-01', 'YYYY-MM-DD'));
insert into flewon values ('SW127', 'cust614', to_date('2010-01-07', 'YYYY-MM-DD'));
insert into flewon values ('AA101', 'cust578', to_date('2010-01-05', 'YYYY-MM-DD'));
insert into flewon values ('AA108', 'cust561', to_date('2010-01-04', 'YYYY-MM-DD'));
insert into flewon values ('AA101', 'cust654', to_date('2010-01-02', 'YYYY-MM-DD'));
insert into flewon values ('SW111', 'cust73', to_date('2010-01-07', 'YYYY-MM-DD'));
insert into flewon values ('AA101', 'cust134', to_date('2010-01-08', 'YYYY-MM-DD'));
insert into flewon values ('US135', 'cust53', to_date('2010-01-04', 'YYYY-MM-DD'));
insert into flewon values ('AA101', 'cust107', to_date('2010-01-03', 'YYYY-MM-DD'));
insert into flewon values ('AA279', 'cust120', to_date('2010-01-09', 'YYYY-MM-DD'));
insert into flewon values ('AA101', 'cust425', to_date('2010-01-08', 'YYYY-MM-DD'));
insert into flewon values ('SW117', 'cust654', to_date('2010-01-04', 'YYYY-MM-DD'));
insert into flewon values ('DL120', 'cust149', to_date('2010-01-05', 'YYYY-MM-DD'));
insert into flewon values ('SW132', 'cust22', to_date('2010-01-05', 'YYYY-MM-DD'));
insert into flewon values ('UA224', 'cust339', to_date('2010-01-01', 'YYYY-MM-DD'));
insert into flewon values ('SW165', 'cust72', to_date('2010-01-02', 'YYYY-MM-DD'));
insert into flewon values ('NW124', 'cust505', to_date('2010-01-09', 'YYYY-MM-DD'));
insert into flewon values ('AA113', 'cust182', to_date('2010-01-03', 'YYYY-MM-DD'));
insert into flewon values ('SW111', 'cust175', to_date('2010-01-01', 'YYYY-MM-DD'));
insert into flewon values ('AA106', 'cust704', to_date('2010-01-09', 'YYYY-MM-DD'));
insert into flewon values ('AA113', 'cust61', to_date('2010-01-07', 'YYYY-MM-DD'));
insert into flewon values ('AA101', 'cust277', to_date('2010-01-05', 'YYYY-MM-DD'));
insert into flewon values ('DL104', 'cust3', to_date('2010-01-04', 'YYYY-MM-DD'));
insert into flewon values ('AA110', 'cust67', to_date('2010-01-03', 'YYYY-MM-DD'));
insert into flewon values ('AA101', 'cust24', to_date('2010-01-07', 'YYYY-MM-DD'));
insert into flewon values ('NW260', 'cust526', to_date('2010-01-04', 'YYYY-MM-DD'));
insert into flewon values ('DL245', 'cust35', to_date('2010-01-09', 'YYYY-MM-DD'));
insert into flewon values ('AA242', 'cust12', to_date('2010-01-04', 'YYYY-MM-DD'));
insert into flewon values ('DL121', 'cust44', to_date('2010-01-01', 'YYYY-MM-DD'));
insert into flewon values ('AA101', 'cust382', to_date('2010-01-05', 'YYYY-MM-DD'));
insert into flewon values ('DL163', 'cust35', to_date('2010-01-01', 'YYYY-MM-DD'));
insert into flewon values ('AA217', 'cust479', to_date('2010-01-07', 'YYYY-MM-DD'));
insert into flewon values ('CO137', 'cust406', to_date('2010-01-03', 'YYYY-MM-DD'));
insert into flewon values ('SW107', 'cust621', to_date('2010-01-02', 'YYYY-MM-DD'));
insert into flewon values ('SW139', 'cust550', to_date('2010-01-09', 'YYYY-MM-DD'));
insert into flewon values ('CO198', 'cust408', to_date('2010-01-08', 'YYYY-MM-DD'));
insert into flewon values ('US105', 'cust710', to_date('2010-01-05', 'YYYY-MM-DD'));
insert into flewon values ('AA101', 'cust591', to_date('2010-01-03', 'YYYY-MM-DD'));
insert into flewon values ('NW124', 'cust152', to_date('2010-01-06', 'YYYY-MM-DD'));
insert into flewon values ('CO225', 'cust152', to_date('2010-01-08', 'YYYY-MM-DD'));
insert into flewon values ('SW107', 'cust387', to_date('2010-01-04', 'YYYY-MM-DD'));
insert into flewon values ('DL104', 'cust114', to_date('2010-01-02', 'YYYY-MM-DD'));
insert into flewon values ('DL244', 'cust148', to_date('2010-01-01', 'YYYY-MM-DD'));
insert into flewon values ('SW191', 'cust270', to_date('2010-01-08', 'YYYY-MM-DD'));
insert into flewon values ('SW167', 'cust618', to_date('2010-01-06', 'YYYY-MM-DD'));
insert into flewon values ('SW103', 'cust704', to_date('2010-01-03', 'YYYY-MM-DD'));
insert into flewon values ('DL245', 'cust548', to_date('2010-01-04', 'YYYY-MM-DD'));
insert into flewon values ('AA287', 'cust516', to_date('2010-01-09', 'YYYY-MM-DD'));
insert into flewon values ('CO116', 'cust489', to_date('2010-01-02', 'YYYY-MM-DD'));
insert into flewon values ('DL104', 'cust194', to_date('2010-01-06', 'YYYY-MM-DD'));
insert into flewon values ('NW145', 'cust94', to_date('2010-01-02', 'YYYY-MM-DD'));
insert into flewon values ('UA102', 'cust36', to_date('2010-01-01', 'YYYY-MM-DD'));
insert into flewon values ('AA101', 'cust156', to_date('2010-01-06', 'YYYY-MM-DD'));
insert into flewon values ('AA101', 'cust277', to_date('2010-01-04', 'YYYY-MM-DD'));
insert into flewon values ('SW187', 'cust394', to_date('2010-01-03', 'YYYY-MM-DD'));
insert into flewon values ('SW109', 'cust91', to_date('2010-01-05', 'YYYY-MM-DD'));
insert into flewon values ('CO147', 'cust408', to_date('2010-01-04', 'YYYY-MM-DD'));
insert into flewon values ('SW209', 'cust240', to_date('2010-01-08', 'YYYY-MM-DD'));
insert into flewon values ('US146', 'cust513', to_date('2010-01-09', 'YYYY-MM-DD'));
insert into flewon values ('UA231', 'cust593', to_date('2010-01-04', 'YYYY-MM-DD'));
insert into flewon values ('UA102', 'cust601', to_date('2010-01-08', 'YYYY-MM-DD'));
insert into flewon values ('CO147', 'cust476', to_date('2010-01-04', 'YYYY-MM-DD'));
insert into flewon values ('DL222', 'cust596', to_date('2010-01-03', 'YYYY-MM-DD'));
insert into flewon values ('AA101', 'cust30', to_date('2010-01-06', 'YYYY-MM-DD'));
insert into flewon values ('SW112', 'cust530', to_date('2010-01-07', 'YYYY-MM-DD'));
insert into flewon values ('SW290', 'cust443', to_date('2010-01-06', 'YYYY-MM-DD'));
insert into flewon values ('UA174', 'cust114', to_date('2010-01-06', 'YYYY-MM-DD'));
insert into flewon values ('UA223', 'cust299', to_date('2010-01-07', 'YYYY-MM-DD'));
insert into flewon values ('SW290', 'cust11', to_date('2010-01-02', 'YYYY-MM-DD'));
insert into flewon values ('AA101', 'cust432', to_date('2010-01-06', 'YYYY-MM-DD'));
insert into flewon values ('NW258', 'cust646', to_date('2010-01-01', 'YYYY-MM-DD'));
insert into flewon values ('AA101', 'cust94', to_date('2010-01-09', 'YYYY-MM-DD'));
insert into flewon values ('NW145', 'cust243', to_date('2010-01-01', 'YYYY-MM-DD'));
insert into flewon values ('AA172', 'cust54', to_date('2010-01-04', 'YYYY-MM-DD'));
insert into flewon values ('SW119', 'cust395', to_date('2010-01-01', 'YYYY-MM-DD'));
insert into flewon values ('CO203', 'cust6', to_date('2010-01-01', 'YYYY-MM-DD'));
insert into flewon values ('AA106', 'cust38', to_date('2010-01-02', 'YYYY-MM-DD'));
insert into flewon values ('SW239', 'cust277', to_date('2010-01-07', 'YYYY-MM-DD'));
insert into flewon values ('SW183', 'cust685', to_date('2010-01-01', 'YYYY-MM-DD'));
insert into flewon values ('SW139', 'cust332', to_date('2010-01-04', 'YYYY-MM-DD'));
insert into flewon values ('DL211', 'cust664', to_date('2010-01-05', 'YYYY-MM-DD'));
insert into flewon values ('AA101', 'cust312', to_date('2010-01-03', 'YYYY-MM-DD'));
insert into flewon values ('UA102', 'cust500', to_date('2010-01-09', 'YYYY-MM-DD'));
insert into flewon values ('SW210', 'cust508', to_date('2010-01-08', 'YYYY-MM-DD'));
insert into flewon values ('SW130', 'cust98', to_date('2010-01-06', 'YYYY-MM-DD'));
insert into flewon values ('NW138', 'cust7', to_date('2010-01-04', 'YYYY-MM-DD'));
insert into flewon values ('AA101', 'cust75', to_date('2010-01-08', 'YYYY-MM-DD'));
insert into flewon values ('UA286', 'cust190', to_date('2010-01-05', 'YYYY-MM-DD'));
insert into flewon values ('US266', 'cust690', to_date('2010-01-02', 'YYYY-MM-DD'));
insert into flewon values ('NW145', 'cust391', to_date('2010-01-02', 'YYYY-MM-DD'));
insert into flewon values ('DL206', 'cust143', to_date('2010-01-02', 'YYYY-MM-DD'));
insert into flewon values ('DL195', 'cust255', to_date('2010-01-03', 'YYYY-MM-DD'));
insert into flewon values ('AA101', 'cust29', to_date('2010-01-03', 'YYYY-MM-DD'));
insert into flewon values ('SW132', 'cust232', to_date('2010-01-05', 'YYYY-MM-DD'));
insert into flewon values ('AA101', 'cust593', to_date('2010-01-01', 'YYYY-MM-DD'));
insert into flewon values ('AA106', 'cust456', to_date('2010-01-07', 'YYYY-MM-DD'));
insert into flewon values ('AA101', 'cust383', to_date('2010-01-08', 'YYYY-MM-DD'));
insert into flewon values ('SW165', 'cust225', to_date('2010-01-01', 'YYYY-MM-DD'));
insert into flewon values ('AA101', 'cust293', to_date('2010-01-04', 'YYYY-MM-DD'));
insert into flewon values ('AA250', 'cust447', to_date('2010-01-07', 'YYYY-MM-DD'));
insert into flewon values ('SW125', 'cust267', to_date('2010-01-09', 'YYYY-MM-DD'));
insert into flewon values ('SW103', 'cust674', to_date('2010-01-01', 'YYYY-MM-DD'));
insert into flewon values ('AA101', 'cust125', to_date('2010-01-05', 'YYYY-MM-DD'));
insert into flewon values ('DL120', 'cust650', to_date('2010-01-09', 'YYYY-MM-DD'));
insert into flewon values ('SW269', 'cust93', to_date('2010-01-08', 'YYYY-MM-DD'));
insert into flewon values ('SW167', 'cust7', to_date('2010-01-06', 'YYYY-MM-DD'));
insert into flewon values ('SW130', 'cust154', to_date('2010-01-03', 'YYYY-MM-DD'));
insert into flewon values ('AA101', 'cust383', to_date('2010-01-06', 'YYYY-MM-DD'));
insert into flewon values ('UA115', 'cust139', to_date('2010-01-01', 'YYYY-MM-DD'));
insert into flewon values ('AA101', 'cust541', to_date('2010-01-05', 'YYYY-MM-DD'));
insert into flewon values ('SW109', 'cust144', to_date('2010-01-04', 'YYYY-MM-DD'));
insert into flewon values ('NW141', 'cust82', to_date('2010-01-08', 'YYYY-MM-DD'));
insert into flewon values ('NW148', 'cust188', to_date('2010-01-03', 'YYYY-MM-DD'));
insert into flewon values ('AA101', 'cust48', to_date('2010-01-08', 'YYYY-MM-DD'));
insert into flewon values ('AA101', 'cust142', to_date('2010-01-04', 'YYYY-MM-DD'));
insert into flewon values ('US105', 'cust212', to_date('2010-01-07', 'YYYY-MM-DD'));
insert into flewon values ('SW103', 'cust291', to_date('2010-01-09', 'YYYY-MM-DD'));
insert into flewon values ('SW125', 'cust407', to_date('2010-01-01', 'YYYY-MM-DD'));
insert into flewon values ('SW103', 'cust565', to_date('2010-01-01', 'YYYY-MM-DD'));
insert into flewon values ('DL104', 'cust265', to_date('2010-01-09', 'YYYY-MM-DD'));
insert into flewon values ('AA108', 'cust569', to_date('2010-01-07', 'YYYY-MM-DD'));
insert into flewon values ('DL120', 'cust116', to_date('2010-01-07', 'YYYY-MM-DD'));
insert into flewon values ('CO254', 'cust10', to_date('2010-01-02', 'YYYY-MM-DD'));
insert into flewon values ('DL121', 'cust183', to_date('2010-01-09', 'YYYY-MM-DD'));
insert into flewon values ('UA102', 'cust188', to_date('2010-01-04', 'YYYY-MM-DD'));
insert into flewon values ('AA101', 'cust165', to_date('2010-01-06', 'YYYY-MM-DD'));
insert into flewon values ('DL163', 'cust607', to_date('2010-01-03', 'YYYY-MM-DD'));
insert into flewon values ('AA101', 'cust76', to_date('2010-01-09', 'YYYY-MM-DD'));
insert into flewon values ('AA108', 'cust200', to_date('2010-01-03', 'YYYY-MM-DD'));
insert into flewon values ('AA101', 'cust251', to_date('2010-01-03', 'YYYY-MM-DD'));
insert into flewon values ('AA101', 'cust551', to_date('2010-01-08', 'YYYY-MM-DD'));
insert into flewon values ('DL244', 'cust446', to_date('2010-01-05', 'YYYY-MM-DD'));
insert into flewon values ('SW103', 'cust334', to_date('2010-01-05', 'YYYY-MM-DD'));
insert into flewon values ('SW152', 'cust45', to_date('2010-01-07', 'YYYY-MM-DD'));
insert into flewon values ('SW103', 'cust165', to_date('2010-01-05', 'YYYY-MM-DD'));
insert into flewon values ('SW109', 'cust707', to_date('2010-01-09', 'YYYY-MM-DD'));
insert into flewon values ('AA101', 'cust287', to_date('2010-01-02', 'YYYY-MM-DD'));
insert into flewon values ('AA101', 'cust399', to_date('2010-01-08', 'YYYY-MM-DD'));
insert into flewon values ('AA101', 'cust184', to_date('2010-01-07', 'YYYY-MM-DD'));
insert into flewon values ('SW111', 'cust719', to_date('2010-01-02', 'YYYY-MM-DD'));
insert into flewon values ('SW125', 'cust30', to_date('2010-01-03', 'YYYY-MM-DD'));
insert into flewon values ('UA115', 'cust323', to_date('2010-01-02', 'YYYY-MM-DD'));
insert into flewon values ('NW207', 'cust177', to_date('2010-01-08', 'YYYY-MM-DD'));
insert into flewon values ('NW253', 'cust347', to_date('2010-01-03', 'YYYY-MM-DD'));
insert into flewon values ('DL179', 'cust425', to_date('2010-01-06', 'YYYY-MM-DD'));
insert into flewon values ('DL206', 'cust705', to_date('2010-01-07', 'YYYY-MM-DD'));
insert into flewon values ('SW125', 'cust338', to_date('2010-01-02', 'YYYY-MM-DD'));
insert into flewon values ('AA272', 'cust597', to_date('2010-01-09', 'YYYY-MM-DD'));
insert into flewon values ('SW132', 'cust193', to_date('2010-01-06', 'YYYY-MM-DD'));
insert into flewon values ('CO137', 'cust298', to_date('2010-01-02', 'YYYY-MM-DD'));
insert into flewon values ('DL104', 'cust741', to_date('2010-01-04', 'YYYY-MM-DD'));
insert into flewon values ('AA122', 'cust14', to_date('2010-01-02', 'YYYY-MM-DD'));
insert into flewon values ('DL104', 'cust714', to_date('2010-01-09', 'YYYY-MM-DD'));
insert into flewon values ('AA110', 'cust439', to_date('2010-01-04', 'YYYY-MM-DD'));
insert into flewon values ('AA101', 'cust710', to_date('2010-01-07', 'YYYY-MM-DD'));
insert into flewon values ('SW132', 'cust262', to_date('2010-01-04', 'YYYY-MM-DD'));
insert into flewon values ('UA102', 'cust229', to_date('2010-01-04', 'YYYY-MM-DD'));
insert into flewon values ('SW127', 'cust123', to_date('2010-01-05', 'YYYY-MM-DD'));
insert into flewon values ('AA122', 'cust549', to_date('2010-01-06', 'YYYY-MM-DD'));
insert into flewon values ('DL120', 'cust446', to_date('2010-01-06', 'YYYY-MM-DD'));
insert into flewon values ('US136', 'cust457', to_date('2010-01-06', 'YYYY-MM-DD'));
insert into flewon values ('UA102', 'cust287', to_date('2010-01-03', 'YYYY-MM-DD'));
insert into flewon values ('AA101', 'cust544', to_date('2010-01-01', 'YYYY-MM-DD'));
insert into flewon values ('AA101', 'cust72', to_date('2010-01-06', 'YYYY-MM-DD'));
insert into flewon values ('SW273', 'cust662', to_date('2010-01-03', 'YYYY-MM-DD'));
insert into flewon values ('SW168', 'cust539', to_date('2010-01-09', 'YYYY-MM-DD'));
insert into flewon values ('SW112', 'cust411', to_date('2010-01-03', 'YYYY-MM-DD'));
insert into flewon values ('SW103', 'cust434', to_date('2010-01-06', 'YYYY-MM-DD'));
insert into flewon values ('UA219', 'cust95', to_date('2010-01-06', 'YYYY-MM-DD'));
insert into flewon values ('AA101', 'cust280', to_date('2010-01-01', 'YYYY-MM-DD'));
insert into flewon values ('SW103', 'cust738', to_date('2010-01-02', 'YYYY-MM-DD'));
insert into flewon values ('DL156', 'cust545', to_date('2010-01-03', 'YYYY-MM-DD'));
insert into flewon values ('SW112', 'cust214', to_date('2010-01-06', 'YYYY-MM-DD'));
insert into flewon values ('SW200', 'cust548', to_date('2010-01-06', 'YYYY-MM-DD'));
insert into flewon values ('CO116', 'cust221', to_date('2010-01-03', 'YYYY-MM-DD'));
insert into flewon values ('UA278', 'cust202', to_date('2010-01-03', 'YYYY-MM-DD'));
insert into flewon values ('AA101', 'cust419', to_date('2010-01-03', 'YYYY-MM-DD'));
insert into flewon values ('US136', 'cust643', to_date('2010-01-01', 'YYYY-MM-DD'));
insert into flewon values ('AA129', 'cust36', to_date('2010-01-02', 'YYYY-MM-DD'));
insert into flewon values ('SW103', 'cust555', to_date('2010-01-07', 'YYYY-MM-DD'));
insert into flewon values ('AA101', 'cust450', to_date('2010-01-02', 'YYYY-MM-DD'));
insert into flewon values ('DL157', 'cust472', to_date('2010-01-04', 'YYYY-MM-DD'));
insert into flewon values ('CO212', 'cust635', to_date('2010-01-08', 'YYYY-MM-DD'));
insert into flewon values ('NW133', 'cust511', to_date('2010-01-04', 'YYYY-MM-DD'));
insert into flewon values ('AA113', 'cust233', to_date('2010-01-06', 'YYYY-MM-DD'));
insert into flewon values ('SW112', 'cust216', to_date('2010-01-02', 'YYYY-MM-DD'));
insert into flewon values ('SW271', 'cust21', to_date('2010-01-01', 'YYYY-MM-DD'));
insert into flewon values ('SW166', 'cust594', to_date('2010-01-07', 'YYYY-MM-DD'));
insert into flewon values ('AA101', 'cust555', to_date('2010-01-03', 'YYYY-MM-DD'));
insert into flewon values ('AA101', 'cust648', to_date('2010-01-08', 'YYYY-MM-DD'));
insert into flewon values ('UA123', 'cust583', to_date('2010-01-04', 'YYYY-MM-DD'));
insert into flewon values ('SW107', 'cust27', to_date('2010-01-09', 'YYYY-MM-DD'));
insert into flewon values ('DL190', 'cust718', to_date('2010-01-07', 'YYYY-MM-DD'));
insert into flewon values ('UA170', 'cust700', to_date('2010-01-05', 'YYYY-MM-DD'));
insert into flewon values ('AA161', 'cust721', to_date('2010-01-04', 'YYYY-MM-DD'));
insert into flewon values ('DL247', 'cust93', to_date('2010-01-06', 'YYYY-MM-DD'));
insert into flewon values ('UA178', 'cust692', to_date('2010-01-06', 'YYYY-MM-DD'));
insert into flewon values ('UA149', 'cust38', to_date('2010-01-08', 'YYYY-MM-DD'));
insert into flewon values ('AA106', 'cust553', to_date('2010-01-02', 'YYYY-MM-DD'));
insert into flewon values ('NW138', 'cust495', to_date('2010-01-01', 'YYYY-MM-DD'));
insert into flewon values ('SW139', 'cust38', to_date('2010-01-04', 'YYYY-MM-DD'));
insert into flewon values ('SW271', 'cust230', to_date('2010-01-09', 'YYYY-MM-DD'));
insert into flewon values ('SW103', 'cust312', to_date('2010-01-04', 'YYYY-MM-DD'));
insert into flewon values ('DL261', 'cust15', to_date('2010-01-04', 'YYYY-MM-DD'));
insert into flewon values ('UA283', 'cust558', to_date('2010-01-03', 'YYYY-MM-DD'));
insert into flewon values ('NW221', 'cust380', to_date('2010-01-09', 'YYYY-MM-DD'));
insert into flewon values ('SW111', 'cust232', to_date('2010-01-08', 'YYYY-MM-DD'));
insert into flewon values ('DL144', 'cust165', to_date('2010-01-03', 'YYYY-MM-DD'));
insert into flewon values ('UA115', 'cust442', to_date('2010-01-03', 'YYYY-MM-DD'));
insert into flewon values ('AA101', 'cust551', to_date('2010-01-05', 'YYYY-MM-DD'));
insert into flewon values ('SW290', 'cust192', to_date('2010-01-02', 'YYYY-MM-DD'));
insert into flewon values ('SW171', 'cust132', to_date('2010-01-07', 'YYYY-MM-DD'));
insert into flewon values ('SW127', 'cust687', to_date('2010-01-02', 'YYYY-MM-DD'));
insert into flewon values ('AA101', 'cust551', to_date('2010-01-03', 'YYYY-MM-DD'));
insert into flewon values ('UA182', 'cust670', to_date('2010-01-07', 'YYYY-MM-DD'));
insert into flewon values ('NW145', 'cust429', to_date('2010-01-09', 'YYYY-MM-DD'));
insert into flewon values ('DL104', 'cust519', to_date('2010-01-03', 'YYYY-MM-DD'));
insert into flewon values ('AA101', 'cust234', to_date('2010-01-04', 'YYYY-MM-DD'));
insert into flewon values ('UA223', 'cust337', to_date('2010-01-03', 'YYYY-MM-DD'));
insert into flewon values ('AA101', 'cust66', to_date('2010-01-04', 'YYYY-MM-DD'));
insert into flewon values ('DL261', 'cust593', to_date('2010-01-05', 'YYYY-MM-DD'));
insert into flewon values ('AA101', 'cust20', to_date('2010-01-08', 'YYYY-MM-DD'));
insert into flewon values ('UA149', 'cust295', to_date('2010-01-01', 'YYYY-MM-DD'));
insert into flewon values ('NW188', 'cust352', to_date('2010-01-01', 'YYYY-MM-DD'));
insert into flewon values ('NW124', 'cust18', to_date('2010-01-08', 'YYYY-MM-DD'));
insert into flewon values ('UA227', 'cust733', to_date('2010-01-04', 'YYYY-MM-DD'));
insert into flewon values ('US146', 'cust437', to_date('2010-01-02', 'YYYY-MM-DD'));
insert into flewon values ('AA184', 'cust298', to_date('2010-01-01', 'YYYY-MM-DD'));
insert into flewon values ('DL140', 'cust55', to_date('2010-01-04', 'YYYY-MM-DD'));
insert into flewon values ('SW276', 'cust314', to_date('2010-01-02', 'YYYY-MM-DD'));
insert into flewon values ('US135', 'cust522', to_date('2010-01-05', 'YYYY-MM-DD'));
insert into flewon values ('DL121', 'cust7', to_date('2010-01-02', 'YYYY-MM-DD'));
insert into flewon values ('SW150', 'cust24', to_date('2010-01-06', 'YYYY-MM-DD'));
insert into flewon values ('SW109', 'cust305', to_date('2010-01-04', 'YYYY-MM-DD'));
insert into flewon values ('US135', 'cust114', to_date('2010-01-07', 'YYYY-MM-DD'));
insert into flewon values ('US255', 'cust359', to_date('2010-01-03', 'YYYY-MM-DD'));
insert into flewon values ('AA279', 'cust336', to_date('2010-01-03', 'YYYY-MM-DD'));
insert into flewon values ('SW205', 'cust728', to_date('2010-01-05', 'YYYY-MM-DD'));
insert into flewon values ('AA101', 'cust3', to_date('2010-01-01', 'YYYY-MM-DD'));
insert into flewon values ('DL211', 'cust603', to_date('2010-01-08', 'YYYY-MM-DD'));
insert into flewon values ('SW131', 'cust724', to_date('2010-01-01', 'YYYY-MM-DD'));
insert into flewon values ('AA108', 'cust179', to_date('2010-01-07', 'YYYY-MM-DD'));
insert into flewon values ('AA114', 'cust110', to_date('2010-01-04', 'YYYY-MM-DD'));
insert into flewon values ('AA101', 'cust116', to_date('2010-01-03', 'YYYY-MM-DD'));
insert into flewon values ('NW263', 'cust642', to_date('2010-01-09', 'YYYY-MM-DD'));
insert into flewon values ('SW162', 'cust206', to_date('2010-01-01', 'YYYY-MM-DD'));
insert into flewon values ('SW125', 'cust269', to_date('2010-01-08', 'YYYY-MM-DD'));
insert into flewon values ('SW119', 'cust231', to_date('2010-01-02', 'YYYY-MM-DD'));
insert into flewon values ('SW289', 'cust558', to_date('2010-01-08', 'YYYY-MM-DD'));
insert into flewon values ('AA101', 'cust351', to_date('2010-01-05', 'YYYY-MM-DD'));
insert into flewon values ('AA106', 'cust609', to_date('2010-01-01', 'YYYY-MM-DD'));
insert into flewon values ('SW282', 'cust39', to_date('2010-01-02', 'YYYY-MM-DD'));
insert into flewon values ('AA110', 'cust50', to_date('2010-01-02', 'YYYY-MM-DD'));
insert into flewon values ('US105', 'cust284', to_date('2010-01-03', 'YYYY-MM-DD'));
insert into flewon values ('US105', 'cust151', to_date('2010-01-09', 'YYYY-MM-DD'));
insert into flewon values ('NW133', 'cust720', to_date('2010-01-04', 'YYYY-MM-DD'));
insert into flewon values ('SW233', 'cust99', to_date('2010-01-09', 'YYYY-MM-DD'));
insert into flewon values ('AA101', 'cust98', to_date('2010-01-05', 'YYYY-MM-DD'));
insert into flewon values ('UA102', 'cust136', to_date('2010-01-06', 'YYYY-MM-DD'));
insert into flewon values ('SW109', 'cust48', to_date('2010-01-01', 'YYYY-MM-DD'));
insert into flewon values ('AA106', 'cust203', to_date('2010-01-03', 'YYYY-MM-DD'));
insert into flewon values ('SW169', 'cust294', to_date('2010-01-05', 'YYYY-MM-DD'));
insert into flewon values ('SW109', 'cust257', to_date('2010-01-01', 'YYYY-MM-DD'));
insert into flewon values ('NW141', 'cust546', to_date('2010-01-06', 'YYYY-MM-DD'));
insert into flewon values ('SW107', 'cust131', to_date('2010-01-01', 'YYYY-MM-DD'));
insert into flewon values ('SW112', 'cust484', to_date('2010-01-05', 'YYYY-MM-DD'));
insert into flewon values ('SW117', 'cust141', to_date('2010-01-06', 'YYYY-MM-DD'));
insert into flewon values ('SW202', 'cust157', to_date('2010-01-04', 'YYYY-MM-DD'));
insert into flewon values ('AA101', 'cust145', to_date('2010-01-05', 'YYYY-MM-DD'));
insert into flewon values ('AA113', 'cust675', to_date('2010-01-06', 'YYYY-MM-DD'));
insert into flewon values ('DL144', 'cust9', to_date('2010-01-09', 'YYYY-MM-DD'));
insert into flewon values ('AA106', 'cust393', to_date('2010-01-05', 'YYYY-MM-DD'));
insert into flewon values ('AA101', 'cust283', to_date('2010-01-02', 'YYYY-MM-DD'));
insert into flewon values ('SW236', 'cust587', to_date('2010-01-05', 'YYYY-MM-DD'));
insert into flewon values ('DL204', 'cust10', to_date('2010-01-06', 'YYYY-MM-DD'));
insert into flewon values ('NW138', 'cust25', to_date('2010-01-01', 'YYYY-MM-DD'));
insert into flewon values ('AA101', 'cust32', to_date('2010-01-04', 'YYYY-MM-DD'));
insert into flewon values ('SW107', 'cust494', to_date('2010-01-05', 'YYYY-MM-DD'));
insert into flewon values ('SW117', 'cust233', to_date('2010-01-02', 'YYYY-MM-DD'));
insert into flewon values ('SW292', 'cust214', to_date('2010-01-04', 'YYYY-MM-DD'));
insert into flewon values ('SW134', 'cust363', to_date('2010-01-06', 'YYYY-MM-DD'));
insert into flewon values ('US146', 'cust154', to_date('2010-01-08', 'YYYY-MM-DD'));
insert into flewon values ('CO116', 'cust16', to_date('2010-01-08', 'YYYY-MM-DD'));
insert into flewon values ('SW284', 'cust18', to_date('2010-01-01', 'YYYY-MM-DD'));
insert into flewon values ('DL156', 'cust362', to_date('2010-01-01', 'YYYY-MM-DD'));
insert into flewon values ('CO176', 'cust387', to_date('2010-01-06', 'YYYY-MM-DD'));
insert into flewon values ('AA110', 'cust685', to_date('2010-01-06', 'YYYY-MM-DD'));
insert into flewon values ('SW210', 'cust301', to_date('2010-01-06', 'YYYY-MM-DD'));
insert into flewon values ('SW166', 'cust634', to_date('2010-01-07', 'YYYY-MM-DD'));
insert into flewon values ('NW133', 'cust207', to_date('2010-01-06', 'YYYY-MM-DD'));
insert into flewon values ('UA228', 'cust49', to_date('2010-01-02', 'YYYY-MM-DD'));
insert into flewon values ('DL104', 'cust233', to_date('2010-01-09', 'YYYY-MM-DD'));
insert into flewon values ('UA102', 'cust95', to_date('2010-01-01', 'YYYY-MM-DD'));
insert into flewon values ('SW131', 'cust298', to_date('2010-01-05', 'YYYY-MM-DD'));
insert into flewon values ('UA149', 'cust432', to_date('2010-01-02', 'YYYY-MM-DD'));
insert into flewon values ('NW148', 'cust731', to_date('2010-01-08', 'YYYY-MM-DD'));
insert into flewon values ('SW107', 'cust479', to_date('2010-01-02', 'YYYY-MM-DD'));
insert into flewon values ('SW290', 'cust101', to_date('2010-01-02', 'YYYY-MM-DD'));
insert into flewon values ('AA101', 'cust56', to_date('2010-01-06', 'YYYY-MM-DD'));
insert into flewon values ('SW290', 'cust635', to_date('2010-01-03', 'YYYY-MM-DD'));
insert into flewon values ('AA106', 'cust361', to_date('2010-01-02', 'YYYY-MM-DD'));
insert into flewon values ('SW201', 'cust610', to_date('2010-01-09', 'YYYY-MM-DD'));
insert into flewon values ('DL163', 'cust507', to_date('2010-01-01', 'YYYY-MM-DD'));
insert into flewon values ('US136', 'cust660', to_date('2010-01-03', 'YYYY-MM-DD'));
insert into flewon values ('UA102', 'cust407', to_date('2010-01-07', 'YYYY-MM-DD'));
insert into flewon values ('NW145', 'cust392', to_date('2010-01-04', 'YYYY-MM-DD'));
insert into flewon values ('NW133', 'cust77', to_date('2010-01-04', 'YYYY-MM-DD'));
insert into flewon values ('SW107', 'cust6', to_date('2010-01-09', 'YYYY-MM-DD'));
insert into flewon values ('AA101', 'cust460', to_date('2010-01-06', 'YYYY-MM-DD'));
insert into flewon values ('DL158', 'cust225', to_date('2010-01-06', 'YYYY-MM-DD'));
insert into flewon values ('DL195', 'cust35', to_date('2010-01-08', 'YYYY-MM-DD'));
insert into flewon values ('SW273', 'cust380', to_date('2010-01-07', 'YYYY-MM-DD'));
insert into flewon values ('SW107', 'cust226', to_date('2010-01-02', 'YYYY-MM-DD'));
insert into flewon values ('UA118', 'cust309', to_date('2010-01-01', 'YYYY-MM-DD'));
insert into flewon values ('UA102', 'cust47', to_date('2010-01-06', 'YYYY-MM-DD'));
insert into flewon values ('SW262', 'cust300', to_date('2010-01-06', 'YYYY-MM-DD'));
insert into flewon values ('AA101', 'cust12', to_date('2010-01-06', 'YYYY-MM-DD'));
insert into flewon values ('US146', 'cust148', to_date('2010-01-06', 'YYYY-MM-DD'));
insert into flewon values ('SW125', 'cust185', to_date('2010-01-09', 'YYYY-MM-DD'));
insert into flewon values ('CO116', 'cust669', to_date('2010-01-03', 'YYYY-MM-DD'));
insert into flewon values ('AA106', 'cust597', to_date('2010-01-02', 'YYYY-MM-DD'));
insert into flewon values ('SW218', 'cust124', to_date('2010-01-03', 'YYYY-MM-DD'));
insert into flewon values ('AA129', 'cust92', to_date('2010-01-05', 'YYYY-MM-DD'));
insert into flewon values ('UA174', 'cust479', to_date('2010-01-06', 'YYYY-MM-DD'));
insert into flewon values ('SW199', 'cust176', to_date('2010-01-01', 'YYYY-MM-DD'));
insert into flewon values ('SW109', 'cust728', to_date('2010-01-08', 'YYYY-MM-DD'));
insert into flewon values ('AA101', 'cust362', to_date('2010-01-02', 'YYYY-MM-DD'));
insert into flewon values ('AA101', 'cust497', to_date('2010-01-04', 'YYYY-MM-DD'));
insert into flewon values ('SW187', 'cust635', to_date('2010-01-06', 'YYYY-MM-DD'));
insert into flewon values ('SW109', 'cust142', to_date('2010-01-01', 'YYYY-MM-DD'));
insert into flewon values ('SW205', 'cust121', to_date('2010-01-08', 'YYYY-MM-DD'));
insert into flewon values ('UA102', 'cust286', to_date('2010-01-03', 'YYYY-MM-DD'));
insert into flewon values ('AA101', 'cust637', to_date('2010-01-03', 'YYYY-MM-DD'));
insert into flewon values ('SW109', 'cust428', to_date('2010-01-02', 'YYYY-MM-DD'));
insert into flewon values ('DL206', 'cust295', to_date('2010-01-05', 'YYYY-MM-DD'));
insert into flewon values ('AA101', 'cust212', to_date('2010-01-02', 'YYYY-MM-DD'));
insert into flewon values ('AA101', 'cust557', to_date('2010-01-01', 'YYYY-MM-DD'));
insert into flewon values ('AA114', 'cust571', to_date('2010-01-07', 'YYYY-MM-DD'));
insert into flewon values ('AA108', 'cust612', to_date('2010-01-01', 'YYYY-MM-DD'));
insert into flewon values ('AA101', 'cust211', to_date('2010-01-02', 'YYYY-MM-DD'));
insert into flewon values ('NW138', 'cust4', to_date('2010-01-05', 'YYYY-MM-DD'));
insert into flewon values ('AA101', 'cust628', to_date('2010-01-04', 'YYYY-MM-DD'));
insert into flewon values ('NW175', 'cust170', to_date('2010-01-09', 'YYYY-MM-DD'));
insert into flewon values ('AA106', 'cust137', to_date('2010-01-09', 'YYYY-MM-DD'));
insert into flewon values ('SW169', 'cust189', to_date('2010-01-02', 'YYYY-MM-DD'));
insert into flewon values ('AA113', 'cust735', to_date('2010-01-07', 'YYYY-MM-DD'));
insert into flewon values ('SW103', 'cust57', to_date('2010-01-05', 'YYYY-MM-DD'));
insert into flewon values ('UA115', 'cust534', to_date('2010-01-02', 'YYYY-MM-DD'));
insert into flewon values ('SW131', 'cust239', to_date('2010-01-05', 'YYYY-MM-DD'));
insert into flewon values ('AA300', 'cust22', to_date('2010-01-01', 'YYYY-MM-DD'));
insert into flewon values ('DL195', 'cust270', to_date('2010-01-02', 'YYYY-MM-DD'));
insert into flewon values ('UA164', 'cust313', to_date('2010-01-07', 'YYYY-MM-DD'));
insert into flewon values ('AA101', 'cust318', to_date('2010-01-08', 'YYYY-MM-DD'));
insert into flewon values ('NW124', 'cust319', to_date('2010-01-08', 'YYYY-MM-DD'));
insert into flewon values ('UA170', 'cust240', to_date('2010-01-09', 'YYYY-MM-DD'));
insert into flewon values ('UA123', 'cust496', to_date('2010-01-01', 'YYYY-MM-DD'));
insert into flewon values ('NW213', 'cust228', to_date('2010-01-06', 'YYYY-MM-DD'));
insert into flewon values ('DL190', 'cust578', to_date('2010-01-06', 'YYYY-MM-DD'));
insert into flewon values ('AA106', 'cust189', to_date('2010-01-09', 'YYYY-MM-DD'));
insert into flewon values ('SW112', 'cust321', to_date('2010-01-06', 'YYYY-MM-DD'));
insert into flewon values ('UA115', 'cust199', to_date('2010-01-06', 'YYYY-MM-DD'));
insert into flewon values ('DL222', 'cust118', to_date('2010-01-05', 'YYYY-MM-DD'));
insert into flewon values ('SW155', 'cust287', to_date('2010-01-08', 'YYYY-MM-DD'));
insert into flewon values ('UA102', 'cust309', to_date('2010-01-06', 'YYYY-MM-DD'));
insert into flewon values ('SW117', 'cust693', to_date('2010-01-06', 'YYYY-MM-DD'));
insert into flewon values ('DL179', 'cust39', to_date('2010-01-05', 'YYYY-MM-DD'));
insert into flewon values ('UA173', 'cust493', to_date('2010-01-01', 'YYYY-MM-DD'));
insert into flewon values ('AA106', 'cust341', to_date('2010-01-06', 'YYYY-MM-DD'));
insert into flewon values ('SW103', 'cust166', to_date('2010-01-09', 'YYYY-MM-DD'));
insert into flewon values ('SW119', 'cust388', to_date('2010-01-01', 'YYYY-MM-DD'));
insert into flewon values ('AA295', 'cust517', to_date('2010-01-01', 'YYYY-MM-DD'));
insert into flewon values ('UA102', 'cust690', to_date('2010-01-08', 'YYYY-MM-DD'));
insert into flewon values ('SW103', 'cust11', to_date('2010-01-06', 'YYYY-MM-DD'));
insert into flewon values ('UA164', 'cust677', to_date('2010-01-02', 'YYYY-MM-DD'));
insert into flewon values ('UA231', 'cust1', to_date('2010-01-05', 'YYYY-MM-DD'));
insert into flewon values ('AA184', 'cust456', to_date('2010-01-09', 'YYYY-MM-DD'));
insert into flewon values ('AA101', 'cust355', to_date('2010-01-04', 'YYYY-MM-DD'));
insert into flewon values ('SW111', 'cust67', to_date('2010-01-07', 'YYYY-MM-DD'));
insert into flewon values ('SW117', 'cust14', to_date('2010-01-06', 'YYYY-MM-DD'));
insert into flewon values ('NW145', 'cust383', to_date('2010-01-04', 'YYYY-MM-DD'));
insert into flewon values ('DL104', 'cust12', to_date('2010-01-05', 'YYYY-MM-DD'));
insert into flewon values ('AA101', 'cust464', to_date('2010-01-09', 'YYYY-MM-DD'));
insert into flewon values ('NW145', 'cust266', to_date('2010-01-01', 'YYYY-MM-DD'));
insert into flewon values ('SW218', 'cust69', to_date('2010-01-09', 'YYYY-MM-DD'));
insert into flewon values ('UA278', 'cust10', to_date('2010-01-09', 'YYYY-MM-DD'));
insert into flewon values ('DL179', 'cust56', to_date('2010-01-03', 'YYYY-MM-DD'));
insert into flewon values ('SW218', 'cust540', to_date('2010-01-05', 'YYYY-MM-DD'));
insert into flewon values ('DL190', 'cust271', to_date('2010-01-07', 'YYYY-MM-DD'));
insert into flewon values ('AA101', 'cust188', to_date('2010-01-02', 'YYYY-MM-DD'));
insert into flewon values ('SW128', 'cust121', to_date('2010-01-03', 'YYYY-MM-DD'));
insert into flewon values ('SW119', 'cust455', to_date('2010-01-02', 'YYYY-MM-DD'));
insert into flewon values ('SW249', 'cust637', to_date('2010-01-08', 'YYYY-MM-DD'));
insert into flewon values ('CO203', 'cust117', to_date('2010-01-09', 'YYYY-MM-DD'));
insert into flewon values ('AA106', 'cust55', to_date('2010-01-07', 'YYYY-MM-DD'));
insert into flewon values ('US105', 'cust38', to_date('2010-01-07', 'YYYY-MM-DD'));
insert into flewon values ('SW209', 'cust43', to_date('2010-01-05', 'YYYY-MM-DD'));
insert into flewon values ('SW152', 'cust517', to_date('2010-01-07', 'YYYY-MM-DD'));
insert into flewon values ('AA101', 'cust216', to_date('2010-01-08', 'YYYY-MM-DD'));
insert into flewon values ('UA252', 'cust472', to_date('2010-01-03', 'YYYY-MM-DD'));
insert into flewon values ('AA101', 'cust494', to_date('2010-01-08', 'YYYY-MM-DD'));
insert into flewon values ('SW259', 'cust691', to_date('2010-01-04', 'YYYY-MM-DD'));
insert into flewon values ('UA102', 'cust29', to_date('2010-01-09', 'YYYY-MM-DD'));
insert into flewon values ('DL206', 'cust692', to_date('2010-01-03', 'YYYY-MM-DD'));
insert into flewon values ('SW125', 'cust275', to_date('2010-01-05', 'YYYY-MM-DD'));
insert into flewon values ('UA237', 'cust96', to_date('2010-01-01', 'YYYY-MM-DD'));
insert into flewon values ('US105', 'cust36', to_date('2010-01-04', 'YYYY-MM-DD'));
insert into flewon values ('UA102', 'cust151', to_date('2010-01-08', 'YYYY-MM-DD'));
insert into flewon values ('SW125', 'cust611', to_date('2010-01-04', 'YYYY-MM-DD'));
insert into flewon values ('AA110', 'cust516', to_date('2010-01-05', 'YYYY-MM-DD'));
insert into flewon values ('UA102', 'cust517', to_date('2010-01-04', 'YYYY-MM-DD'));
insert into flewon values ('SW111', 'cust22', to_date('2010-01-04', 'YYYY-MM-DD'));
insert into flewon values ('SW107', 'cust48', to_date('2010-01-05', 'YYYY-MM-DD'));
insert into flewon values ('SW127', 'cust401', to_date('2010-01-04', 'YYYY-MM-DD'));
insert into flewon values ('DL140', 'cust567', to_date('2010-01-06', 'YYYY-MM-DD'));
insert into flewon values ('DL121', 'cust101', to_date('2010-01-09', 'YYYY-MM-DD'));
insert into flewon values ('NW138', 'cust420', to_date('2010-01-06', 'YYYY-MM-DD'));
insert into flewon values ('US135', 'cust464', to_date('2010-01-03', 'YYYY-MM-DD'));
insert into flewon values ('DL195', 'cust82', to_date('2010-01-04', 'YYYY-MM-DD'));
insert into flewon values ('AA101', 'cust155', to_date('2010-01-04', 'YYYY-MM-DD'));
insert into flewon values ('SW131', 'cust606', to_date('2010-01-04', 'YYYY-MM-DD'));
insert into flewon values ('SW130', 'cust693', to_date('2010-01-07', 'YYYY-MM-DD'));
insert into flewon values ('AA101', 'cust408', to_date('2010-01-06', 'YYYY-MM-DD'));
insert into flewon values ('SW111', 'cust635', to_date('2010-01-04', 'YYYY-MM-DD'));
insert into flewon values ('UA102', 'cust266', to_date('2010-01-03', 'YYYY-MM-DD'));
insert into flewon values ('AA291', 'cust429', to_date('2010-01-04', 'YYYY-MM-DD'));
insert into flewon values ('SW103', 'cust243', to_date('2010-01-03', 'YYYY-MM-DD'));
insert into flewon values ('AA110', 'cust81', to_date('2010-01-06', 'YYYY-MM-DD'));
insert into flewon values ('UA170', 'cust147', to_date('2010-01-01', 'YYYY-MM-DD'));
insert into flewon values ('DL121', 'cust63', to_date('2010-01-08', 'YYYY-MM-DD'));
insert into flewon values ('AA108', 'cust188', to_date('2010-01-01', 'YYYY-MM-DD'));
insert into flewon values ('AA101', 'cust710', to_date('2010-01-01', 'YYYY-MM-DD'));
insert into flewon values ('DL120', 'cust234', to_date('2010-01-01', 'YYYY-MM-DD'));
insert into flewon values ('CO203', 'cust719', to_date('2010-01-08', 'YYYY-MM-DD'));
insert into flewon values ('NW133', 'cust43', to_date('2010-01-01', 'YYYY-MM-DD'));
insert into flewon values ('SW109', 'cust52', to_date('2010-01-08', 'YYYY-MM-DD'));
insert into flewon values ('AA101', 'cust241', to_date('2010-01-04', 'YYYY-MM-DD'));
insert into flewon values ('DL190', 'cust488', to_date('2010-01-04', 'YYYY-MM-DD'));
insert into flewon values ('SW107', 'cust544', to_date('2010-01-05', 'YYYY-MM-DD'));
insert into flewon values ('DL181', 'cust521', to_date('2010-01-09', 'YYYY-MM-DD'));
insert into flewon values ('AA108', 'cust146', to_date('2010-01-05', 'YYYY-MM-DD'));
insert into flewon values ('SW130', 'cust174', to_date('2010-01-03', 'YYYY-MM-DD'));
insert into flewon values ('SW109', 'cust654', to_date('2010-01-08', 'YYYY-MM-DD'));
insert into flewon values ('AA101', 'cust281', to_date('2010-01-02', 'YYYY-MM-DD'));
insert into flewon values ('AA110', 'cust34', to_date('2010-01-07', 'YYYY-MM-DD'));
insert into flewon values ('SW150', 'cust64', to_date('2010-01-04', 'YYYY-MM-DD'));
insert into flewon values ('DL157', 'cust423', to_date('2010-01-06', 'YYYY-MM-DD'));
insert into flewon values ('DL120', 'cust42', to_date('2010-01-04', 'YYYY-MM-DD'));
insert into flewon values ('SW111', 'cust663', to_date('2010-01-03', 'YYYY-MM-DD'));
insert into flewon values ('DL104', 'cust648', to_date('2010-01-05', 'YYYY-MM-DD'));
insert into flewon values ('DL238', 'cust533', to_date('2010-01-07', 'YYYY-MM-DD'));
insert into flewon values ('AA101', 'cust137', to_date('2010-01-06', 'YYYY-MM-DD'));
insert into flewon values ('AA101', 'cust313', to_date('2010-01-02', 'YYYY-MM-DD'));
insert into flewon values ('AA101', 'cust36', to_date('2010-01-05', 'YYYY-MM-DD'));
insert into flewon values ('AA101', 'cust445', to_date('2010-01-02', 'YYYY-MM-DD'));
insert into flewon values ('US241', 'cust130', to_date('2010-01-09', 'YYYY-MM-DD'));
insert into flewon values ('SW165', 'cust246', to_date('2010-01-06', 'YYYY-MM-DD'));
insert into flewon values ('SW155', 'cust63', to_date('2010-01-05', 'YYYY-MM-DD'));
insert into flewon values ('DL190', 'cust725', to_date('2010-01-01', 'YYYY-MM-DD'));
insert into flewon values ('US136', 'cust213', to_date('2010-01-09', 'YYYY-MM-DD'));
insert into flewon values ('SW162', 'cust564', to_date('2010-01-09', 'YYYY-MM-DD'));
insert into flewon values ('AA101', 'cust188', to_date('2010-01-07', 'YYYY-MM-DD'));
insert into flewon values ('CO189', 'cust145', to_date('2010-01-07', 'YYYY-MM-DD'));
insert into flewon values ('US255', 'cust710', to_date('2010-01-03', 'YYYY-MM-DD'));
insert into flewon values ('AA114', 'cust572', to_date('2010-01-09', 'YYYY-MM-DD'));
insert into flewon values ('DL158', 'cust698', to_date('2010-01-06', 'YYYY-MM-DD'));
insert into flewon values ('US160', 'cust368', to_date('2010-01-03', 'YYYY-MM-DD'));
insert into flewon values ('SW103', 'cust378', to_date('2010-01-02', 'YYYY-MM-DD'));
insert into flewon values ('UA102', 'cust129', to_date('2010-01-04', 'YYYY-MM-DD'));
insert into flewon values ('AA151', 'cust39', to_date('2010-01-06', 'YYYY-MM-DD'));
insert into flewon values ('AA101', 'cust534', to_date('2010-01-06', 'YYYY-MM-DD'));
insert into flewon values ('AA110', 'cust236', to_date('2010-01-01', 'YYYY-MM-DD'));
insert into flewon values ('DL153', 'cust306', to_date('2010-01-01', 'YYYY-MM-DD'));
insert into flewon values ('DL247', 'cust690', to_date('2010-01-06', 'YYYY-MM-DD'));
insert into flewon values ('US105', 'cust227', to_date('2010-01-08', 'YYYY-MM-DD'));
insert into flewon values ('US241', 'cust353', to_date('2010-01-09', 'YYYY-MM-DD'));
insert into flewon values ('AA229', 'cust680', to_date('2010-01-03', 'YYYY-MM-DD'));
insert into flewon values ('AA113', 'cust285', to_date('2010-01-06', 'YYYY-MM-DD'));
insert into flewon values ('SW132', 'cust92', to_date('2010-01-01', 'YYYY-MM-DD'));
insert into flewon values ('AA114', 'cust234', to_date('2010-01-05', 'YYYY-MM-DD'));
insert into flewon values ('DL156', 'cust88', to_date('2010-01-05', 'YYYY-MM-DD'));
insert into flewon values ('SW107', 'cust679', to_date('2010-01-09', 'YYYY-MM-DD'));
insert into flewon values ('DL104', 'cust677', to_date('2010-01-08', 'YYYY-MM-DD'));
insert into flewon values ('AA295', 'cust161', to_date('2010-01-08', 'YYYY-MM-DD'));
insert into flewon values ('UA102', 'cust587', to_date('2010-01-04', 'YYYY-MM-DD'));
insert into flewon values ('AA106', 'cust148', to_date('2010-01-09', 'YYYY-MM-DD'));
insert into flewon values ('NW268', 'cust119', to_date('2010-01-09', 'YYYY-MM-DD'));
insert into flewon values ('AA106', 'cust61', to_date('2010-01-03', 'YYYY-MM-DD'));
insert into flewon values ('SW139', 'cust88', to_date('2010-01-09', 'YYYY-MM-DD'));
insert into flewon values ('SW131', 'cust422', to_date('2010-01-04', 'YYYY-MM-DD'));
insert into flewon values ('UA102', 'cust159', to_date('2010-01-09', 'YYYY-MM-DD'));
insert into flewon values ('AA101', 'cust375', to_date('2010-01-08', 'YYYY-MM-DD'));
insert into flewon values ('SW131', 'cust634', to_date('2010-01-02', 'YYYY-MM-DD'));
insert into flewon values ('SW218', 'cust665', to_date('2010-01-07', 'YYYY-MM-DD'));
insert into flewon values ('CO254', 'cust240', to_date('2010-01-02', 'YYYY-MM-DD'));
insert into flewon values ('SW282', 'cust594', to_date('2010-01-03', 'YYYY-MM-DD'));
insert into flewon values ('SW112', 'cust320', to_date('2010-01-03', 'YYYY-MM-DD'));
insert into flewon values ('UA149', 'cust705', to_date('2010-01-08', 'YYYY-MM-DD'));
insert into flewon values ('SW109', 'cust51', to_date('2010-01-07', 'YYYY-MM-DD'));
insert into flewon values ('SW273', 'cust74', to_date('2010-01-01', 'YYYY-MM-DD'));
insert into flewon values ('DL157', 'cust396', to_date('2010-01-03', 'YYYY-MM-DD'));
insert into flewon values ('US146', 'cust327', to_date('2010-01-01', 'YYYY-MM-DD'));
insert into flewon values ('AA101', 'cust715', to_date('2010-01-07', 'YYYY-MM-DD'));
insert into flewon values ('AA110', 'cust219', to_date('2010-01-03', 'YYYY-MM-DD'));
insert into flewon values ('NW194', 'cust13', to_date('2010-01-07', 'YYYY-MM-DD'));
insert into flewon values ('CO203', 'cust30', to_date('2010-01-04', 'YYYY-MM-DD'));
insert into flewon values ('DL104', 'cust441', to_date('2010-01-02', 'YYYY-MM-DD'));
insert into flewon values ('NW268', 'cust137', to_date('2010-01-03', 'YYYY-MM-DD'));
insert into flewon values ('DL120', 'cust722', to_date('2010-01-06', 'YYYY-MM-DD'));
insert into flewon values ('AA101', 'cust85', to_date('2010-01-03', 'YYYY-MM-DD'));
insert into flewon values ('UA102', 'cust331', to_date('2010-01-04', 'YYYY-MM-DD'));
insert into flewon values ('NW138', 'cust561', to_date('2010-01-07', 'YYYY-MM-DD'));
insert into flewon values ('AA106', 'cust81', to_date('2010-01-08', 'YYYY-MM-DD'));
insert into flewon values ('US105', 'cust692', to_date('2010-01-04', 'YYYY-MM-DD'));
insert into flewon values ('SW208', 'cust630', to_date('2010-01-01', 'YYYY-MM-DD'));
insert into flewon values ('AA101', 'cust52', to_date('2010-01-06', 'YYYY-MM-DD'));
insert into flewon values ('NW188', 'cust452', to_date('2010-01-03', 'YYYY-MM-DD'));
insert into flewon values ('SW109', 'cust60', to_date('2010-01-08', 'YYYY-MM-DD'));
insert into flewon values ('SW103', 'cust266', to_date('2010-01-09', 'YYYY-MM-DD'));
insert into flewon values ('US105', 'cust531', to_date('2010-01-02', 'YYYY-MM-DD'));
insert into flewon values ('UA102', 'cust126', to_date('2010-01-08', 'YYYY-MM-DD'));
insert into flewon values ('UA102', 'cust125', to_date('2010-01-03', 'YYYY-MM-DD'));
insert into flewon values ('UA102', 'cust194', to_date('2010-01-08', 'YYYY-MM-DD'));
insert into flewon values ('UA115', 'cust92', to_date('2010-01-03', 'YYYY-MM-DD'));
insert into flewon values ('SW117', 'cust82', to_date('2010-01-03', 'YYYY-MM-DD'));
insert into flewon values ('DL238', 'cust109', to_date('2010-01-07', 'YYYY-MM-DD'));
insert into flewon values ('SW166', 'cust239', to_date('2010-01-09', 'YYYY-MM-DD'));
insert into flewon values ('SW103', 'cust410', to_date('2010-01-02', 'YYYY-MM-DD'));
insert into flewon values ('SW166', 'cust398', to_date('2010-01-01', 'YYYY-MM-DD'));
insert into flewon values ('UA102', 'cust63', to_date('2010-01-07', 'YYYY-MM-DD'));
insert into flewon values ('AA101', 'cust66', to_date('2010-01-01', 'YYYY-MM-DD'));
insert into flewon values ('AA101', 'cust34', to_date('2010-01-01', 'YYYY-MM-DD'));
insert into flewon values ('AA101', 'cust430', to_date('2010-01-08', 'YYYY-MM-DD'));
insert into flewon values ('SW107', 'cust98', to_date('2010-01-01', 'YYYY-MM-DD'));
insert into flewon values ('AA250', 'cust94', to_date('2010-01-06', 'YYYY-MM-DD'));
insert into flewon values ('SW169', 'cust475', to_date('2010-01-07', 'YYYY-MM-DD'));
insert into flewon values ('SW142', 'cust47', to_date('2010-01-07', 'YYYY-MM-DD'));
insert into flewon values ('DL104', 'cust218', to_date('2010-01-04', 'YYYY-MM-DD'));
insert into flewon values ('AA114', 'cust469', to_date('2010-01-08', 'YYYY-MM-DD'));
insert into flewon values ('SW103', 'cust276', to_date('2010-01-07', 'YYYY-MM-DD'));
insert into flewon values ('NW124', 'cust65', to_date('2010-01-06', 'YYYY-MM-DD'));
insert into flewon values ('AA101', 'cust472', to_date('2010-01-07', 'YYYY-MM-DD'));
insert into flewon values ('NW148', 'cust362', to_date('2010-01-06', 'YYYY-MM-DD'));
insert into flewon values ('AA101', 'cust565', to_date('2010-01-05', 'YYYY-MM-DD'));
insert into flewon values ('AA287', 'cust384', to_date('2010-01-08', 'YYYY-MM-DD'));
insert into flewon values ('AA287', 'cust227', to_date('2010-01-07', 'YYYY-MM-DD'));
insert into flewon values ('AA101', 'cust620', to_date('2010-01-05', 'YYYY-MM-DD'));
insert into flewon values ('US135', 'cust22', to_date('2010-01-06', 'YYYY-MM-DD'));
insert into flewon values ('AA108', 'cust45', to_date('2010-01-05', 'YYYY-MM-DD'));
insert into flewon values ('AA272', 'cust407', to_date('2010-01-05', 'YYYY-MM-DD'));
insert into flewon values ('DL297', 'cust464', to_date('2010-01-02', 'YYYY-MM-DD'));
insert into flewon values ('SW284', 'cust740', to_date('2010-01-07', 'YYYY-MM-DD'));
insert into flewon values ('US105', 'cust174', to_date('2010-01-01', 'YYYY-MM-DD'));
insert into flewon values ('AA101', 'cust169', to_date('2010-01-03', 'YYYY-MM-DD'));
insert into flewon values ('UA123', 'cust231', to_date('2010-01-03', 'YYYY-MM-DD'));
insert into flewon values ('CO116', 'cust486', to_date('2010-01-04', 'YYYY-MM-DD'));
insert into flewon values ('DL120', 'cust52', to_date('2010-01-04', 'YYYY-MM-DD'));
insert into flewon values ('SW168', 'cust156', to_date('2010-01-04', 'YYYY-MM-DD'));
insert into flewon values ('NW186', 'cust166', to_date('2010-01-03', 'YYYY-MM-DD'));
insert into flewon values ('UA123', 'cust215', to_date('2010-01-08', 'YYYY-MM-DD'));
insert into flewon values ('CO147', 'cust218', to_date('2010-01-07', 'YYYY-MM-DD'));
insert into flewon values ('DL190', 'cust708', to_date('2010-01-08', 'YYYY-MM-DD'));
insert into flewon values ('DL104', 'cust447', to_date('2010-01-05', 'YYYY-MM-DD'));
insert into flewon values ('NW258', 'cust690', to_date('2010-01-07', 'YYYY-MM-DD'));
insert into flewon values ('AA110', 'cust165', to_date('2010-01-01', 'YYYY-MM-DD'));
insert into flewon values ('SW166', 'cust437', to_date('2010-01-03', 'YYYY-MM-DD'));
insert into flewon values ('SW125', 'cust499', to_date('2010-01-05', 'YYYY-MM-DD'));
insert into flewon values ('SW107', 'cust346', to_date('2010-01-03', 'YYYY-MM-DD'));
insert into flewon values ('SW199', 'cust84', to_date('2010-01-07', 'YYYY-MM-DD'));
insert into flewon values ('AA101', 'cust653', to_date('2010-01-05', 'YYYY-MM-DD'));
insert into flewon values ('SW103', 'cust602', to_date('2010-01-01', 'YYYY-MM-DD'));
insert into flewon values ('DL153', 'cust495', to_date('2010-01-08', 'YYYY-MM-DD'));
insert into flewon values ('UA178', 'cust216', to_date('2010-01-07', 'YYYY-MM-DD'));
insert into flewon values ('SW103', 'cust366', to_date('2010-01-04', 'YYYY-MM-DD'));
insert into flewon values ('US105', 'cust86', to_date('2010-01-03', 'YYYY-MM-DD'));
insert into flewon values ('SW214', 'cust26', to_date('2010-01-07', 'YYYY-MM-DD'));
insert into flewon values ('UA231', 'cust688', to_date('2010-01-06', 'YYYY-MM-DD'));
insert into flewon values ('SW187', 'cust582', to_date('2010-01-03', 'YYYY-MM-DD'));
insert into flewon values ('UA182', 'cust496', to_date('2010-01-08', 'YYYY-MM-DD'));
insert into flewon values ('DL120', 'cust116', to_date('2010-01-08', 'YYYY-MM-DD'));
insert into flewon values ('SW298', 'cust657', to_date('2010-01-05', 'YYYY-MM-DD'));
insert into flewon values ('AA106', 'cust245', to_date('2010-01-03', 'YYYY-MM-DD'));
insert into flewon values ('SW111', 'cust247', to_date('2010-01-09', 'YYYY-MM-DD'));
insert into flewon values ('DL297', 'cust583', to_date('2010-01-01', 'YYYY-MM-DD'));
insert into flewon values ('AA101', 'cust653', to_date('2010-01-02', 'YYYY-MM-DD'));
insert into flewon values ('SW107', 'cust320', to_date('2010-01-08', 'YYYY-MM-DD'));
insert into flewon values ('SW166', 'cust62', to_date('2010-01-01', 'YYYY-MM-DD'));
insert into flewon values ('SW187', 'cust131', to_date('2010-01-04', 'YYYY-MM-DD'));
insert into flewon values ('DL104', 'cust511', to_date('2010-01-07', 'YYYY-MM-DD'));
insert into flewon values ('CO137', 'cust127', to_date('2010-01-03', 'YYYY-MM-DD'));
insert into flewon values ('NW260', 'cust33', to_date('2010-01-01', 'YYYY-MM-DD'));
insert into flewon values ('UA123', 'cust89', to_date('2010-01-05', 'YYYY-MM-DD'));
insert into flewon values ('SW109', 'cust650', to_date('2010-01-06', 'YYYY-MM-DD'));
insert into flewon values ('NW258', 'cust613', to_date('2010-01-06', 'YYYY-MM-DD'));
insert into flewon values ('SW150', 'cust221', to_date('2010-01-05', 'YYYY-MM-DD'));
insert into flewon values ('AA101', 'cust124', to_date('2010-01-08', 'YYYY-MM-DD'));
insert into flewon values ('AA101', 'cust643', to_date('2010-01-09', 'YYYY-MM-DD'));
insert into flewon values ('UA174', 'cust436', to_date('2010-01-09', 'YYYY-MM-DD'));
insert into flewon values ('SW183', 'cust240', to_date('2010-01-07', 'YYYY-MM-DD'));
insert into flewon values ('UA102', 'cust272', to_date('2010-01-06', 'YYYY-MM-DD'));
insert into flewon values ('UA102', 'cust232', to_date('2010-01-03', 'YYYY-MM-DD'));
insert into flewon values ('AA101', 'cust403', to_date('2010-01-04', 'YYYY-MM-DD'));
insert into flewon values ('SW131', 'cust476', to_date('2010-01-08', 'YYYY-MM-DD'));
insert into flewon values ('UA102', 'cust438', to_date('2010-01-07', 'YYYY-MM-DD'));
insert into flewon values ('SW267', 'cust572', to_date('2010-01-04', 'YYYY-MM-DD'));
insert into flewon values ('DL156', 'cust535', to_date('2010-01-06', 'YYYY-MM-DD'));
insert into flewon values ('SW249', 'cust33', to_date('2010-01-06', 'YYYY-MM-DD'));
insert into flewon values ('NW143', 'cust288', to_date('2010-01-09', 'YYYY-MM-DD'));
insert into flewon values ('SW126', 'cust44', to_date('2010-01-08', 'YYYY-MM-DD'));
insert into flewon values ('AA108', 'cust694', to_date('2010-01-09', 'YYYY-MM-DD'));
insert into flewon values ('US265', 'cust49', to_date('2010-01-08', 'YYYY-MM-DD'));
insert into flewon values ('SW246', 'cust62', to_date('2010-01-06', 'YYYY-MM-DD'));
insert into flewon values ('SW200', 'cust203', to_date('2010-01-06', 'YYYY-MM-DD'));
insert into flewon values ('AA101', 'cust273', to_date('2010-01-07', 'YYYY-MM-DD'));
insert into flewon values ('AA113', 'cust186', to_date('2010-01-01', 'YYYY-MM-DD'));
insert into flewon values ('AA101', 'cust410', to_date('2010-01-03', 'YYYY-MM-DD'));
insert into flewon values ('UA115', 'cust533', to_date('2010-01-01', 'YYYY-MM-DD'));
insert into flewon values ('AA101', 'cust211', to_date('2010-01-03', 'YYYY-MM-DD'));
insert into flewon values ('DL104', 'cust328', to_date('2010-01-01', 'YYYY-MM-DD'));
insert into flewon values ('AA113', 'cust408', to_date('2010-01-01', 'YYYY-MM-DD'));
insert into flewon values ('AA106', 'cust31', to_date('2010-01-08', 'YYYY-MM-DD'));
insert into flewon values ('AA101', 'cust627', to_date('2010-01-02', 'YYYY-MM-DD'));
insert into flewon values ('SW155', 'cust490', to_date('2010-01-08', 'YYYY-MM-DD'));
insert into flewon values ('SW165', 'cust258', to_date('2010-01-03', 'YYYY-MM-DD'));
insert into flewon values ('UA164', 'cust396', to_date('2010-01-01', 'YYYY-MM-DD'));
insert into flewon values ('AA101', 'cust158', to_date('2010-01-09', 'YYYY-MM-DD'));
insert into flewon values ('SW139', 'cust414', to_date('2010-01-06', 'YYYY-MM-DD'));
insert into flewon values ('SW267', 'cust77', to_date('2010-01-01', 'YYYY-MM-DD'));
insert into flewon values ('DL104', 'cust315', to_date('2010-01-05', 'YYYY-MM-DD'));
insert into flewon values ('AA101', 'cust163', to_date('2010-01-08', 'YYYY-MM-DD'));
insert into flewon values ('AA240', 'cust57', to_date('2010-01-06', 'YYYY-MM-DD'));
insert into flewon values ('DL206', 'cust484', to_date('2010-01-06', 'YYYY-MM-DD'));
insert into flewon values ('SW152', 'cust554', to_date('2010-01-01', 'YYYY-MM-DD'));
insert into flewon values ('US105', 'cust412', to_date('2010-01-05', 'YYYY-MM-DD'));
insert into flewon values ('AA114', 'cust739', to_date('2010-01-04', 'YYYY-MM-DD'));
insert into flewon values ('AA101', 'cust161', to_date('2010-01-07', 'YYYY-MM-DD'));
insert into flewon values ('DL163', 'cust305', to_date('2010-01-05', 'YYYY-MM-DD'));
insert into flewon values ('SW127', 'cust237', to_date('2010-01-01', 'YYYY-MM-DD'));
insert into flewon values ('DL156', 'cust82', to_date('2010-01-05', 'YYYY-MM-DD'));
insert into flewon values ('UA299', 'cust522', to_date('2010-01-08', 'YYYY-MM-DD'));
insert into flewon values ('AA159', 'cust258', to_date('2010-01-02', 'YYYY-MM-DD'));
insert into flewon values ('SW107', 'cust592', to_date('2010-01-08', 'YYYY-MM-DD'));
insert into flewon values ('AA101', 'cust28', to_date('2010-01-06', 'YYYY-MM-DD'));
insert into flewon values ('SW119', 'cust368', to_date('2010-01-07', 'YYYY-MM-DD'));
insert into flewon values ('AA101', 'cust196', to_date('2010-01-09', 'YYYY-MM-DD'));
insert into flewon values ('UA219', 'cust415', to_date('2010-01-06', 'YYYY-MM-DD'));
insert into flewon values ('AA101', 'cust11', to_date('2010-01-05', 'YYYY-MM-DD'));
insert into flewon values ('SW125', 'cust184', to_date('2010-01-09', 'YYYY-MM-DD'));
insert into flewon values ('AA122', 'cust183', to_date('2010-01-08', 'YYYY-MM-DD'));
insert into flewon values ('SW103', 'cust364', to_date('2010-01-07', 'YYYY-MM-DD'));
insert into flewon values ('NW148', 'cust10', to_date('2010-01-03', 'YYYY-MM-DD'));
insert into flewon values ('SW139', 'cust302', to_date('2010-01-06', 'YYYY-MM-DD'));
insert into flewon values ('AA101', 'cust235', to_date('2010-01-01', 'YYYY-MM-DD'));
insert into flewon values ('UA170', 'cust42', to_date('2010-01-09', 'YYYY-MM-DD'));
insert into flewon values ('AA101', 'cust733', to_date('2010-01-06', 'YYYY-MM-DD'));
insert into flewon values ('CO185', 'cust482', to_date('2010-01-09', 'YYYY-MM-DD'));
insert into flewon values ('AA101', 'cust593', to_date('2010-01-08', 'YYYY-MM-DD'));
insert into flewon values ('SW111', 'cust3', to_date('2010-01-06', 'YYYY-MM-DD'));
insert into flewon values ('AA229', 'cust501', to_date('2010-01-02', 'YYYY-MM-DD'));
insert into flewon values ('UA102', 'cust505', to_date('2010-01-04', 'YYYY-MM-DD'));
insert into flewon values ('AA114', 'cust93', to_date('2010-01-01', 'YYYY-MM-DD'));
insert into flewon values ('SW218', 'cust347', to_date('2010-01-04', 'YYYY-MM-DD'));
insert into flewon values ('DL120', 'cust100', to_date('2010-01-01', 'YYYY-MM-DD'));
insert into flewon values ('AA101', 'cust654', to_date('2010-01-09', 'YYYY-MM-DD'));
insert into flewon values ('UA174', 'cust505', to_date('2010-01-01', 'YYYY-MM-DD'));
insert into flewon values ('SW103', 'cust412', to_date('2010-01-01', 'YYYY-MM-DD'));
insert into flewon values ('AA113', 'cust453', to_date('2010-01-06', 'YYYY-MM-DD'));
insert into flewon values ('AA113', 'cust116', to_date('2010-01-06', 'YYYY-MM-DD'));
insert into flewon values ('AA106', 'cust508', to_date('2010-01-05', 'YYYY-MM-DD'));
insert into flewon values ('SW284', 'cust109', to_date('2010-01-02', 'YYYY-MM-DD'));
insert into flewon values ('UA115', 'cust66', to_date('2010-01-08', 'YYYY-MM-DD'));
insert into flewon values ('SW107', 'cust133', to_date('2010-01-07', 'YYYY-MM-DD'));
insert into flewon values ('AA114', 'cust461', to_date('2010-01-08', 'YYYY-MM-DD'));
insert into flewon values ('AA250', 'cust135', to_date('2010-01-03', 'YYYY-MM-DD'));
insert into flewon values ('AA110', 'cust323', to_date('2010-01-07', 'YYYY-MM-DD'));
insert into flewon values ('SW126', 'cust101', to_date('2010-01-03', 'YYYY-MM-DD'));
insert into flewon values ('DL104', 'cust82', to_date('2010-01-09', 'YYYY-MM-DD'));
insert into flewon values ('AA101', 'cust48', to_date('2010-01-06', 'YYYY-MM-DD'));
insert into flewon values ('NW124', 'cust152', to_date('2010-01-09', 'YYYY-MM-DD'));
insert into flewon values ('AA101', 'cust284', to_date('2010-01-08', 'YYYY-MM-DD'));
insert into flewon values ('SW196', 'cust518', to_date('2010-01-09', 'YYYY-MM-DD'));
insert into flewon values ('AA101', 'cust668', to_date('2010-01-09', 'YYYY-MM-DD'));
insert into flewon values ('SW196', 'cust283', to_date('2010-01-01', 'YYYY-MM-DD'));
insert into flewon values ('AA101', 'cust298', to_date('2010-01-04', 'YYYY-MM-DD'));
insert into flewon values ('UA102', 'cust339', to_date('2010-01-09', 'YYYY-MM-DD'));
insert into flewon values ('SW155', 'cust668', to_date('2010-01-07', 'YYYY-MM-DD'));
insert into flewon values ('AA101', 'cust608', to_date('2010-01-05', 'YYYY-MM-DD'));
insert into flewon values ('AA101', 'cust47', to_date('2010-01-02', 'YYYY-MM-DD'));
insert into flewon values ('US105', 'cust283', to_date('2010-01-06', 'YYYY-MM-DD'));
insert into flewon values ('SW282', 'cust73', to_date('2010-01-03', 'YYYY-MM-DD'));
insert into flewon values ('AA108', 'cust303', to_date('2010-01-07', 'YYYY-MM-DD'));
insert into flewon values ('DL153', 'cust124', to_date('2010-01-01', 'YYYY-MM-DD'));
insert into flewon values ('SW112', 'cust85', to_date('2010-01-05', 'YYYY-MM-DD'));
insert into flewon values ('SW152', 'cust54', to_date('2010-01-05', 'YYYY-MM-DD'));
insert into flewon values ('SW103', 'cust476', to_date('2010-01-03', 'YYYY-MM-DD'));
insert into flewon values ('CO137', 'cust250', to_date('2010-01-03', 'YYYY-MM-DD'));
insert into flewon values ('US135', 'cust49', to_date('2010-01-07', 'YYYY-MM-DD'));
insert into flewon values ('UA231', 'cust525', to_date('2010-01-01', 'YYYY-MM-DD'));
insert into flewon values ('US105', 'cust735', to_date('2010-01-05', 'YYYY-MM-DD'));
insert into flewon values ('SW205', 'cust154', to_date('2010-01-01', 'YYYY-MM-DD'));
insert into flewon values ('UA178', 'cust30', to_date('2010-01-09', 'YYYY-MM-DD'));
insert into flewon values ('SW109', 'cust4', to_date('2010-01-03', 'YYYY-MM-DD'));
insert into flewon values ('UA149', 'cust28', to_date('2010-01-01', 'YYYY-MM-DD'));
insert into flewon values ('DL158', 'cust420', to_date('2010-01-02', 'YYYY-MM-DD'));
insert into flewon values ('SW103', 'cust404', to_date('2010-01-05', 'YYYY-MM-DD'));
insert into flewon values ('AA113', 'cust691', to_date('2010-01-02', 'YYYY-MM-DD'));
insert into flewon values ('AA101', 'cust46', to_date('2010-01-07', 'YYYY-MM-DD'));
insert into flewon values ('SW117', 'cust80', to_date('2010-01-01', 'YYYY-MM-DD'));
insert into flewon values ('UA177', 'cust64', to_date('2010-01-03', 'YYYY-MM-DD'));
insert into flewon values ('AA229', 'cust210', to_date('2010-01-04', 'YYYY-MM-DD'));
insert into flewon values ('AA101', 'cust681', to_date('2010-01-03', 'YYYY-MM-DD'));
insert into flewon values ('SW103', 'cust189', to_date('2010-01-01', 'YYYY-MM-DD'));
insert into flewon values ('AA113', 'cust342', to_date('2010-01-07', 'YYYY-MM-DD'));
insert into flewon values ('DL244', 'cust104', to_date('2010-01-01', 'YYYY-MM-DD'));
insert into flewon values ('CO189', 'cust527', to_date('2010-01-09', 'YYYY-MM-DD'));
insert into flewon values ('SW187', 'cust667', to_date('2010-01-08', 'YYYY-MM-DD'));
insert into flewon values ('NW145', 'cust685', to_date('2010-01-05', 'YYYY-MM-DD'));
insert into flewon values ('NW124', 'cust268', to_date('2010-01-08', 'YYYY-MM-DD'));
insert into flewon values ('US105', 'cust151', to_date('2010-01-07', 'YYYY-MM-DD'));
insert into flewon values ('SW109', 'cust372', to_date('2010-01-01', 'YYYY-MM-DD'));
insert into flewon values ('UA164', 'cust377', to_date('2010-01-05', 'YYYY-MM-DD'));
insert into flewon values ('SW193', 'cust230', to_date('2010-01-08', 'YYYY-MM-DD'));
insert into flewon values ('UA102', 'cust164', to_date('2010-01-04', 'YYYY-MM-DD'));
insert into flewon values ('SW119', 'cust128', to_date('2010-01-04', 'YYYY-MM-DD'));
insert into flewon values ('SW134', 'cust27', to_date('2010-01-07', 'YYYY-MM-DD'));
insert into flewon values ('DL120', 'cust216', to_date('2010-01-01', 'YYYY-MM-DD'));
insert into flewon values ('US135', 'cust673', to_date('2010-01-06', 'YYYY-MM-DD'));
